claim_id,claim,theorem_or_lemma,proof_or_checker,source_or_test,experiment,table_or_figure,raw_result_path,maturity_state,fresh_self_recheck_status,accepted_result,scope_condition
C01,Payload equality alone cannot distinguish repeated presentation of one unit from two independently minted equal-payload units.,Payload-only identity impossibility,proofs/claims.md §2; proofs/boundary_model_check.py,tests/test_boundary_model_check.py,completion-boundaries,Identity boundary,results/raw/identity_indistinguishability.csv; results/boundary_model_check.json,proved boundary plus executable witness,independent finite checker and two-world fixture pass,identical payload observations have oracle masses 5 and 10,Payload-only observer; no external identity declaration
C02,Observed accounting facts alone cannot determine whether a delayed last fact exists.,Last-fact impossibility,proofs/claims.md §4; src/carat/closure.py,tests/test_closure.py,sealed-windows; completion-boundaries,Theorem 2; Table 3,results/raw/sealed_window_summary.json; results/raw/completion_boundary_matrix.csv,proved boundary plus exact paired worlds,primary and separate checker agree,identical mass-10 prefix is complete in one world and provisional in another,Unbounded delay; observer has no external completion witness
C03,At least and exactly f+1 distinct durable holders are required for one raw survivor after any f crash-stop failures.,Tight raw-retention threshold,proofs/claims.md §7; src/carat/retention.py,tests/test_retention.py,multiprocess-retention,Theorem 3; Table 10,results/raw/retention_crash_enumeration.csv; results/raw/multiprocess_retention_summary.json,proved threshold and process evidence,two-holder refusal and all 16 crash sets checked,f=2 uses three holders; all allowed crash sets retain a holder,Fixed membership; crash-stop only; durable pins
C04,Faithful exact origin intervals identify a complete self-contained batch.,Conditional fixed-roster window soundness,proofs/claims.md §5; src/carat/closure.py; src/carat/independent_check.py,tests/test_closure.py,sealed-windows,Theorem 4; Table 7,results/raw/sealed_window_enumeration.csv; results/raw/sealed_window_summary.json,conditional theorem with exhaustive five-origin instance,all 32 arrival vectors rechecked,exactly one of 32 arrival subsets finalizes,Fixed faithful roster; exact intervals; unique coordinates and IDs
C05,Admissible later-window extensions preserve earlier final mass and verdict.,Admissible-extension stability,proofs/claims.md §5,tests/test_closure.py,sealed-windows,Theorem 4; Table 7,results/raw/sealed_window_future_extensions.csv,conditional theorem and complete five-origin enumeration,all 32 future subsets rechecked,32/32 admissible future subsets preserve mass 15,Fresh identifiers and coordinates; self-contained later batches
C06,Finite complete-fact exchange converges after fair successful sweeps.,Conditional finite page convergence,proofs/claims.md §10; src/carat/paged.py,tests/test_boundaries.py,transport; service; multiprocess-retention,Sec. 2.3; Sec. 6.8,results/raw/page_enumeration.csv; results/raw/service_campaign.csv; results/raw/multiprocess_retention_summary.json,bounded convergence evidence,"324 enumerated cases, 12 service campaigns, and pagewise five-process relay rechecked",324/324 small page cases converge; service campaigns reach exact union; five processes converge in three rounds after two partitioned rounds and a pre-heal restart,Finite quiescent union; surviving copies; sufficient capacity; controller schedules but does not compute the union
C07,Coordinate-gap discovery can permanently hide retained facts.,Coordinate discovery counterexamples,proofs/claims.md §10; src/carat/boundaries.py,tests/test_protocol.py; tests/test_boundaries.py,transport; exhaustive,Sec. 6.8; Table 11,results/raw/transport_boundaries.csv; results/raw/exhaustive.csv,executed negative result,counterexamples remain in collector,six later facts starved; split occupancy hides alternatives,Negative result; no convergence claim for coordinate gaps
C08,Unique-mint counting is exact on the retained scalar corpus.,Unique-mint conservation,proofs/claims.md §3; src/carat/baselines.py,tests/test_boundaries.py,identity; manipulation,Table 6; manipulation figure,results/raw/identity_baseline.csv; results/raw/manipulation.csv,strongest-baseline null result,"1,120 rows rechecked","1,120/1,120 exact mass matches",Generated honest mint identities; invalid mutations preserve mint set
C09,Relation checking adds integrity refusal rather than a better scalar.,Conservation/integrity separation,proofs/claims.md §3; src/carat/decode.py,tests/test_accounting.py,identity; ambiguity,Table 6; Table 9,results/raw/identity_baseline.csv; results/raw/ambiguity.csv,bounded exact result,400 invalid histories and witnesses rechecked,400 integrity refusals; same diagnostic mass,Five injected families only
C10,Occurrence-based accounting is manipulable by repeated presentations.,Presentation amplification counterexample,proofs/claims.md §3; src/carat/experiments.py,tests/test_accounting.py,manipulation,Manipulation figure,results/raw/manipulation.csv,generated counterexample family,720 histories retained,maximum occurrence and presentation-mass ratio 17,Generated laws; not natural-frequency evidence
C11,Refusal witnesses are sound and inclusion-minimal for fixed implemented predicates.,Fixed-predicate witness minimality,proofs/claims.md §9; src/carat/independent_check.py,tests/test_accounting.py,ambiguity,Table 9,results/raw/ambiguity.csv; results/summary/ambiguity_summary.csv,proved for the fixed witness language and tested families,400/400 witnesses verified,maximum support three in these five families,Not globally minimum cardinality or arbitrary semantic explanation
C12,Ten support deletions prevent finality in the fixture; six weaker predicates admit bad outcomes.,Certificate support necessity and weaker-check comparisons,proofs/claims.md §6,tests/test_closure.py,completion-boundaries,Table 8,results/raw/completion_support_ablation.csv; results/raw/completion_boundary_matrix.csv,representation-relative lower layer,ten removals and six weaker-check comparisons retained,10/10 support removals refuse; 6/6 weakened predicates admit bad worlds,Fixture-relative support necessity; cross-window case also violates foreign coverage; not independent necessity of every condition or optimal encoding
C13,A lying empty origin is indistinguishable from an honestly empty origin.,Observer-only Byzantine omission impossibility,proofs/claims.md §6,scripts/extended_checks.py,completion-boundaries,Sec. 3.4; Limitations,results/raw/completion_boundary_matrix.csv,proved negative boundary and paired worlds,two omission worlds retained,identical observer state; different hidden allocation,No cross-checking or external truth witness
C14,The five-process retention service preserves a raw witness through the tight crash case.,Executable f+1 sufficiency instance,proofs/claims.md §7; src/carat/multiprocess_service.py,tests/test_retention.py,multiprocess-retention,Table 10,results/raw/multiprocess_retention.csv; results/raw/multiprocess_retention_summary.json,bounded process experiment,"five processes/logs, partition/heal exchange, process restart, and raw export rechecked",pagewise sender-to-receiver relay converges in three rounds after two partitioned rounds and a pre-heal restart; two holders are then killed and the survivor exports 205 facts,Single host; controller schedules pages but never constructs the union; no Byzantine or disk-corruption claim
C15,A receipt issuer remains durably pinned across restart and certificate rotation.,Durable holder-pin invariant,proofs/claims.md §7; src/carat/multiprocess_service.py,tests/test_retention.py,multiprocess-retention,Sec. 4.3; Table 10,results/raw/multiprocess_retention_summary.json,implemented invariant and regression,"alternate certificate refusal, incomplete-tail recovery, and malformed-complete-record fail-closed paths rechecked",surviving holder restart preserves pin; only an incomplete final receipt fragment is truncated,Synchronized process-crash storage semantics
C16,Projection preserves declared aggregates and exact post-projection adjudication fences.,Projection preservation and replay/conflict adjudication,proofs/claims.md §8; src/carat/compaction.py,tests/test_compaction.py; tests/test_closure.py; tests/test_retention.py,compaction; compaction-boundaries; multiprocess-retention,Projection results,results/raw/compaction.csv; results/raw/compaction_boundaries.csv; results/raw/multiprocess_retention_summary.json,conditional local transformation and executed regressions,"exact replay, visible conflict, later-batch, cached-finalize, restart, tamper, and overlap paths pass",aggregates and exact replay index agree; exact old replay is a no-op; visible conflicts fail closed,Bounded exact replay index; trusted structural summary; not general garbage collection
C17,"Projected process state recovers consistently, elides exact old replay, admits a disjoint later batch, and rejects visible conflicts.",Projected restart and continuation contract,proofs/claims.md §8; proofs/claims.md §10; src/carat/multiprocess_service.py,tests/test_retention.py,multiprocess-retention,Retention and projection results,results/raw/multiprocess_retention_summary.json,bounded process experiment and restart regressions,"same-batch extra seal, reused seal ID, deleted-coordinate conflict, mixed replay/new page, and restart paths pass",projected restart mass 600; exact replay adds zero; altered replay is refused; later batch finalizes,"Fixed batch/roster, structural certificate, bounded local store"
C18,Acknowledged ingress survives the tested whole-process termination.,Acknowledged process recovery,proofs/claims.md §10; src/carat/service.py,tests/test_boundaries.py,recovery,Sec. 6.8,results/raw/process_recovery.json,bounded durability experiment,clean recovery stage retained,46 acknowledged occurrences and 46-fact union preserved,Process kill after fsync; not power loss or disk corruption
C19,The public adapter enforces a bounded generic three-file explicit-backport relation and the packaged pytest pair has offline provenance.,Declared-pair admission contract,src/carat/public_pair.py; src/carat/public_inputs.py; proofs/claims.md §11,tests/test_public_pair.py; tests/test_public_input_provenance.py; scripts/verify_public_inputs.py,public-pair,Public input evaluation,results/raw/public_pair_adapter.csv; results/raw/public_pair_facts.json,exact packaged input plus generic bounded adapter tests,"both-side changes, context/coordinate changes, metadata changes, one-side mutations, and missing manifest are exercised",nine expected adapter decisions and a five-node service run pass,Textual changed-line equality only; no semantic equivalence or upstream build claim
C20,"The local task graph produces concrete pass, fail, and skip effects without changing mass.",Executed build bridge,proofs/claims.md §11; src/carat/executable_build.py,scripts/extended_checks.py,executable-build,Sec. 6.7,results/raw/executable_build.csv; results/raw/executable_build_summary.json,bounded subprocess evidence,three scenarios and nine subprocesses rechecked,"7 pass, 2 fail, 3 skip; mass remains 15",Not upstream pytest or representative distributed build
C21,"Pages, put requests, and raw exports obey the actual encoded JSON byte budget and export completeness is checked.",Byte-bounded transfer and manifested export,proofs/claims.md §10; src/carat/paged.py; src/carat/multiprocess_service.py,tests/test_retention.py; tests/test_boundaries.py,transport; multiprocess-retention,Transport contract,results/raw/transport_boundaries.csv; results/raw/multiprocess_retention_summary.json,bounded implementation contract with regression,32 legal facts exceeding 1 MiB are split; stable manifest/returned offsets/advancing cursor/count/bytes/finality are verified,no emitted frame exceeds 1 MiB; paged export reconstructs all 205 facts,"Configured 32 KiB fact, 1 MiB frame, 2,048-fact/32 MiB store bounds; manifest batch/seal IDs not separately bound to facts"
C22,"The two full pytest diffs, selected hunks, license, and provenance manifest are sufficient for offline reconstruction of the evaluated pair.",Offline input provenance,src/carat/public_inputs.py; scripts/verify_public_inputs.py,tests/test_public_input_provenance.py,public-pair,Artifact input surface,inputs/public/pytest/PROVENANCE.json; external_inputs/pytest_pair.json,packaged source evidence,"file bytes, declared records, selected-hunk inclusion, and missing-manifest failure are checked",pytest PR 14018 and PR 14074 pair verifies offline,Only the exact packaged source evidence; three unrelated patch snapshots are not substitutes
C23,The unittest entry point executes class methods and retained module-level test functions.,Test-discovery coverage contract,scripts/check_all.py,tests/test_boundary_model_check.py; tests/test_public_input_provenance.py; tests/test_reviewer_audit.py; tests/test_scientific_regressions.py; tests/test_effect_membership.py,complete reproduction,Artifact test count,results/summary/unit_tests.json,implemented expanded test-surface gate with historical execution,module-level FunctionTestCase count is recorded and asserted by collector/audit,"future gate requires 78 tests including 8 module-level functions; retained clean run executed 66 and retained Linux run executed 72",Expanded full Linux reproduction not rerun; retained receipts are not evidence for the six added cases
C24,Seal spans and missing-coordinate diagnostics are bounded and do not expand a huge frontier one coordinate at a time.,Bounded seal validation/diagnostics,src/carat/facts.py; src/carat/closure.py; src/carat/independent_check.py,tests/test_closure.py,sealed-windows,Implementation bounds,results/raw/sealed_window_summary.json,enforced implementation bound,over-limit frontier rejects quickly and missing diagnostics cap at 64 plus one count,"seal span is at most 300,000 and diagnostics are bounded",Does not promise completion for over-capacity windows
C25,The positive result is limited to a fixed faithful crash-stop roster.,Scope theorem and counterexamples,proofs/claims.md §13; SCHEMA.md,tests/test_boundaries.py; tests/test_closure.py,semantic-boundaries; completion-boundaries,Limitations; Conclusion,results/raw/semantic_boundaries.csv; results/raw/completion_boundary_matrix.csv,closed non-claim surface,negative fixtures remain retained and limitations stay explicit,"cycles, opaque dependencies, fresh identical mint, forged summary, and lying origin remain possible","No authentication, Byzantine tolerance, dynamic membership, WAN, or human-merit claim"
