resource_id,resource_name,url,license_or_terms,access_date,resource_type,acquisition_method,integration_mode,supported_claim,internals_modified,redistributed
R01,pallets/click,https://github.com/pallets/click,BSD-3-Clause,2026-09-02,public repository,inherited count/profile record; exact historical extraction unavailable,fixed inherited counts and paraphrases only; no reconstructed patch histories,reproducible synthetic size constants; historical extraction not re-established,not applicable—no external baseline or executable was modified,no—only factual measurements and original paraphrases are included
R02,pytest-dev/pytest,https://github.com/pytest-dev/pytest,MIT,2026-09-02,public repository,inherited count/profile record; exact historical extraction unavailable,fixed inherited counts and paraphrases only; no reconstructed patch histories,reproducible synthetic size constants; historical extraction not re-established,not applicable—no external baseline or executable was modified,no—only factual measurements and original paraphrases are included
R03,psf/requests,https://github.com/psf/requests,Apache-2.0,2026-09-02,public repository,inherited count/profile record; exact historical extraction unavailable,fixed inherited counts and paraphrases only; no reconstructed patch histories,reproducible synthetic size constants; historical extraction not re-established,not applicable—no external baseline or executable was modified,no—only factual measurements and original paraphrases are included
R04,encode/httpx,https://github.com/encode/httpx,BSD-3-Clause,2026-09-02,public repository,inherited count/profile record; exact historical extraction unavailable,fixed inherited counts and paraphrases only; no reconstructed patch histories,reproducible synthetic size constants; historical extraction not re-established,not applicable—no external baseline or executable was modified,no—only factual measurements and original paraphrases are included
R05,django/django,https://github.com/django/django,BSD-3-Clause,2026-09-02,public repository,inherited count/profile record; exact historical extraction unavailable,fixed inherited counts and paraphrases only; no reconstructed patch histories,reproducible synthetic size constants; historical extraction not re-established,not applicable—no external baseline or executable was modified,no—only factual measurements and original paraphrases are included
R06,fastapi/fastapi,https://github.com/fastapi/fastapi,MIT,2026-09-02,public repository,inherited count/profile record; exact historical extraction unavailable,fixed inherited counts and paraphrases only; no reconstructed patch histories,reproducible synthetic size constants; historical extraction not re-established,not applicable—no external baseline or executable was modified,no—only factual measurements and original paraphrases are included
R07,serde-rs/json,https://github.com/serde-rs/json,MIT OR Apache-2.0,2026-09-02,public repository,inherited count/profile record; exact historical extraction unavailable,fixed inherited counts and paraphrases only; no reconstructed patch histories,reproducible synthetic size constants; historical extraction not re-established,not applicable—no external baseline or executable was modified,no—only factual measurements and original paraphrases are included
R08,BurntSushi/ripgrep,https://github.com/BurntSushi/ripgrep,MIT OR Unlicense,2026-09-02,public repository,inherited count/profile record; exact historical extraction unavailable,fixed inherited counts and paraphrases only; no reconstructed patch histories,reproducible synthetic size constants; historical extraction not re-established,not applicable—no external baseline or executable was modified,no—only factual measurements and original paraphrases are included
P03,Build Systems à la Carte,https://doi.org/10.1145/3236774,publisher terms,2026-08-30,scholarly paper,inherited bibliographic/source record; not all passages freshly re-established,bibliographic citation and conceptual comparison,separation of build task structure and rebuild strategy,no,no
P04,A Sound and Optimal Incremental Build System with Dynamic Dependencies,https://doi.org/10.1145/2814270.2814316,publisher terms,2026-08-30,scholarly paper,inherited bibliographic/source record; not all passages freshly re-established,bibliographic citation and conceptual comparison,incremental build soundness and dependencies,no,no
P05,Build Scripts with Perfect Dependencies,https://doi.org/10.1145/3428237,publisher terms,2026-08-30,scholarly paper,inherited bibliographic/source record; not all passages freshly re-established,bibliographic citation and conceptual comparison,dependency discovery and build correctness,no,no
P06,Shake Before Building: Replacing Make with Haskell,https://doi.org/10.1145/2364527.2364538,publisher terms,2026-08-30,scholarly paper,inherited bibliographic/source record; not all passages freshly re-established,bibliographic citation and conceptual comparison,incremental build execution,no,no
P07,Conflict-Free Replicated Data Types,https://doi.org/10.1007/978-3-642-24550-3_29,publisher terms,2026-08-30,scholarly paper,inherited bibliographic/source record; not all passages freshly re-established,bibliographic citation and conceptual comparison,join-based convergence background,no,no
P08,Delta State Replicated Data Types,https://doi.org/10.1016/j.jpdc.2017.08.003,publisher terms,2026-08-30,scholarly paper,inherited bibliographic/source record; not all passages freshly re-established,bibliographic citation and conceptual comparison,bounded delta exchange background,no,no
P09,A Conflict-Free Replicated JSON Datatype,https://doi.org/10.1109/TPDS.2017.2697382,publisher terms,2026-08-30,scholarly paper,inherited bibliographic/source record; not all passages freshly re-established,bibliographic citation and conceptual comparison,contrast with application-level conflict resolution,no,no
P10,Epidemic Algorithms for Replicated Database Maintenance,https://doi.org/10.1145/41840.41841,publisher terms,2026-08-30,scholarly paper,inherited bibliographic/source record; not all passages freshly re-established,bibliographic citation and conceptual comparison,anti-entropy background,no,no
P11,Provenance Semirings,https://doi.org/10.1145/1265530.1265535,publisher terms,2026-08-30,scholarly paper,inherited bibliographic/source record; not all passages freshly re-established,bibliographic citation and conceptual comparison,algebraic provenance background,no,no
P12,Homotopical Patch Theory,https://doi.org/10.1145/2628136.2628158,publisher terms,2026-08-30,scholarly paper,inherited bibliographic/source record; not all passages freshly re-established,bibliographic citation and conceptual comparison,comparison with richer patch composition semantics,no,no
P15,The Promises and Perils of Mining GitHub,https://doi.org/10.1145/2597073.2597074,publisher terms,2026-08-30,scholarly paper,inherited bibliographic/source record; not all passages freshly re-established,bibliographic citation and methodological boundary,repository records as incomplete proxies,no,no
P16,Who Is the Real Hero? Measuring Developer Contribution via Multi-Dimensional Data Integration,https://doi.org/10.1109/ASE56229.2023.00102,publisher terms,2026-08-30,scholarly paper,inherited bibliographic/source record; not all passages freshly re-established,bibliographic citation and boundary comparison,contrast with person-level contribution analysis,no,no
P17,Beyond Stars and Commits: A Fair and Manipulation-Resistant Framework for Measuring Developer Contributions,https://doi.org/10.1145/3696630.3730570,publisher terms,2026-08-30,scholarly companion paper,inherited bibliographic/source record; not all passages freshly re-established,related-work boundary comparison,conceptual manipulation motivation; empirical validation left open; not used as substantive ancestor,no,no
P18,The SPACE of Developer Productivity: There’s More to It Than You Think,https://doi.org/10.1145/3454122.3454124,publisher terms,2026-08-30,scholarly paper,inherited bibliographic/source record; not all passages freshly re-established,bibliographic citation and ethical boundary,multidimensional productivity caution,no,no
P20,A Low-Bandwidth Network File System,https://doi.org/10.1145/502059.502052,publisher terms,2026-08-30,scholarly paper,inherited bibliographic/source record; not all passages freshly re-established,bibliographic citation and conceptual comparison,content-based transfer contrast,no,no
P21,Algorithms for Computing Minimal Unsatisfiable Subsets of Constraints,https://doi.org/10.1007/s10817-007-9084-z,publisher terms,2026-08-30,scholarly paper,inherited bibliographic/source record; not all passages freshly re-established,bibliographic citation and conceptual comparison,boundary between inclusion-minimal local witnesses and global minimum diagnosis,no,no
N01,pytest selected patch,https://github.com/pytest-dev/pytest/pull/14018/files,MIT,2026-09-10,public source,read-only public diff interface; all six selected hunks and relation statement,three exact selected hunks,bounded explicit-backport text mapping,no,yes; exact selected source/notice
N02,pytest selected patch,https://github.com/pytest-dev/pytest/pull/14074/files,MIT,2026-09-10,public source,read-only public diff interface; all six selected hunks and relation statement,three exact selected hunks,bounded explicit-backport text mapping,no,yes; exact selected source/notice
N03,pytest license,https://raw.githubusercontent.com/pytest-dev/pytest/main/LICENSE,MIT,2026-09-10,license,read-only original text; complete license,complete retained notice,lawful redistribution,no,yes; exact selected source/notice
N04,Efficient Synchronization of State-based CRDTs,https://arxiv.org/abs/1803.02750,publisher or archive terms,2026-09-10,scholarly paper,read-only primary text; targeted model and synchronization passages,comparison only; no implementation integration,ordinary optimized synchronization is a stronger literature comparator,no,no
N05,ConflictSync: Bandwidth Efficient Synchronization of Divergent State,https://arxiv.org/abs/2505.01144,publisher or archive terms,2026-09-10,scholarly paper,read-only primary text; targeted grow-only set and transfer model,comparison only; no implementation integration,set synchronization is not a new CARAT contribution,no,no
N07,Build Scripts with Perfect Dependencies,https://arxiv.org/abs/2007.12737,publisher or archive terms,2026-09-10,scholarly paper,read-only primary text; dependency tracing and hazard model passages,comparison only; no implementation integration,opaque dependency labels are not build-causality validation,no,no
L01,"Time, Clocks, and the Ordering of Events in a Distributed System",https://doi.org/10.1145/359545.359563,publisher or archive terms,2026-09-13,scholarly paper,read-only primary publisher or scholarly archive record; bibliographic metadata and claim-targeted passages,bibliographic citation and conceptual comparison only; no code or data integration,"completion, global-state, causality, termination, or progress comparator for explicit origin-sealed windows",no,no
L02,Distributed Snapshots: Determining Global States of Distributed Systems,https://doi.org/10.1145/214451.214456,publisher or archive terms,2026-09-13,scholarly paper,read-only primary publisher or scholarly archive record; bibliographic metadata and claim-targeted passages,bibliographic citation and conceptual comparison only; no code or data integration,"completion, global-state, causality, termination, or progress comparator for explicit origin-sealed windows",no,no
L03,Termination Detection for Diffusing Computations,https://doi.org/10.1016/0020-0190(80)90021-6,publisher or archive terms,2026-09-13,scholarly paper,read-only primary publisher or scholarly archive record; bibliographic metadata and claim-targeted passages,bibliographic citation and conceptual comparison only; no code or data integration,"completion, global-state, causality, termination, or progress comparator for explicit origin-sealed windows",no,no
L04,Distributed Termination,https://doi.org/10.1145/357084.357087,publisher or archive terms,2026-09-13,scholarly paper,read-only primary publisher or scholarly archive record; bibliographic metadata and claim-targeted passages,bibliographic citation and conceptual comparison only; no code or data integration,"completion, global-state, causality, termination, or progress comparator for explicit origin-sealed windows",no,no
L05,Virtual Time and Global States of Distributed Systems,https://www.vs.inf.ethz.ch/publ/papers/VirtTimeGlobStates.pdf,publisher or archive terms,2026-09-13,scholarly paper,read-only primary publisher or scholarly archive record; bibliographic metadata and claim-targeted passages,bibliographic citation and conceptual comparison only; no code or data integration,"completion, global-state, causality, termination, or progress comparator for explicit origin-sealed windows",no,no
L06,Timestamps in Message-Passing Systems That Preserve the Partial Ordering,https://raw.githubusercontent.com/DistributedClocks/Papers/master/vector_clocks/fidge.pdf,publisher or archive terms,2026-09-13,scholarly paper,read-only primary publisher or scholarly archive record; bibliographic metadata and claim-targeted passages,bibliographic citation and conceptual comparison only; no code or data integration,"completion, global-state, causality, termination, or progress comparator for explicit origin-sealed windows",no,no
L07,On Distributed Snapshots,https://doi.org/10.1016/0020-0190(87)90125-6,publisher or archive terms,2026-09-13,scholarly paper,read-only primary publisher or scholarly archive record; bibliographic metadata and claim-targeted passages,bibliographic citation and conceptual comparison only; no code or data integration,"completion, global-state, causality, termination, or progress comparator for explicit origin-sealed windows",no,no
L08,Session Guarantees for Weakly Consistent Replicated Data,https://doi.org/10.1109/PDIS.1994.331722,publisher or archive terms,2026-09-13,scholarly paper,read-only primary publisher or scholarly archive record; bibliographic metadata and claim-targeted passages,bibliographic citation and conceptual comparison only; no code or data integration,coordination and consistency comparator; finality deliberately coordinates through seals,no,no
L09,Consistency Analysis in Bloom: A CALM and Collected Approach,https://www.cidrdb.org/cidr2011/Papers/CIDR11_Paper35.pdf,publisher or archive terms,2026-09-13,scholarly paper,read-only primary publisher or scholarly archive record; bibliographic metadata and claim-targeted passages,bibliographic citation and conceptual comparison only; no code or data integration,coordination and consistency comparator; finality deliberately coordinates through seals,no,no
L10,Coordination Avoidance in Database Systems,https://doi.org/10.14778/2735508.2735509,publisher or archive terms,2026-09-13,scholarly paper,read-only primary publisher or scholarly archive record; bibliographic metadata and claim-targeted passages,bibliographic citation and conceptual comparison only; no code or data integration,coordination and consistency comparator; finality deliberately coordinates through seals,no,no
L11,Keeping CALM: When Distributed Consistency Is Easy,https://doi.org/10.1145/3369736,publisher or archive terms,2026-09-13,scholarly paper,read-only primary publisher or scholarly archive record; bibliographic metadata and claim-targeted passages,bibliographic citation and conceptual comparison only; no code or data integration,coordination and consistency comparator; finality deliberately coordinates through seals,no,no
L12,Principles of Eventual Consistency,https://doi.org/10.1561/2500000011,publisher or archive terms,2026-09-13,scholarly paper,read-only primary publisher or scholarly archive record; bibliographic metadata and claim-targeted passages,bibliographic citation and conceptual comparison only; no code or data integration,coordination and consistency comparator; finality deliberately coordinates through seals,no,no
L13,Don't Settle for Eventual: Scalable Causal Consistency for Wide-Area Storage with COPS,https://doi.org/10.1145/2043556.2043593,publisher or archive terms,2026-09-13,scholarly paper,read-only primary publisher or scholarly archive record; bibliographic metadata and claim-targeted passages,bibliographic citation and conceptual comparison only; no code or data integration,coordination and consistency comparator; finality deliberately coordinates through seals,no,no
L15,Highly Available Transactions: Virtues and Limitations,https://doi.org/10.14778/2732232.2732237,publisher or archive terms,2026-09-13,scholarly paper,read-only primary publisher or scholarly archive record; bibliographic metadata and claim-targeted passages,bibliographic citation and conceptual comparison only; no code or data integration,coordination and consistency comparator; finality deliberately coordinates through seals,no,no
L16,Set Reconciliation with Nearly Optimal Communication Complexity,https://doi.org/10.1109/TIT.2003.815784,publisher or archive terms,2026-09-13,scholarly paper,read-only primary publisher or scholarly archive record; bibliographic metadata and claim-targeted passages,bibliographic citation and conceptual comparison only; no code or data integration,"replication, set-reconciliation, consensus, or deduplication comparator; CARAT complete pages are a correctness baseline",no,no
L17,What's the Difference? Efficient Set Reconciliation without Prior Context,https://doi.org/10.1145/2018436.2018461,publisher or archive terms,2026-09-13,scholarly paper,read-only primary publisher or scholarly archive record; bibliographic metadata and claim-targeted passages,bibliographic citation and conceptual comparison only; no code or data integration,"replication, set-reconciliation, consensus, or deduplication comparator; CARAT complete pages are a correctness baseline",no,no
L18,Invertible Bloom Lookup Tables,https://doi.org/10.1109/Allerton.2011.6120248,publisher or archive terms,2026-09-13,scholarly paper,read-only primary publisher or scholarly archive record; bibliographic metadata and claim-targeted passages,bibliographic citation and conceptual comparison only; no code or data integration,"replication, set-reconciliation, consensus, or deduplication comparator; CARAT complete pages are a correctness baseline",no,no
L19,Fast PDA Synchronization Using Characteristic Polynomial Interpolation,https://doi.org/10.1109/INFCOM.2002.1019402,publisher or archive terms,2026-09-13,scholarly paper,read-only primary publisher or scholarly archive record; bibliographic metadata and claim-targeted passages,bibliographic citation and conceptual comparison only; no code or data integration,"replication, set-reconciliation, consensus, or deduplication comparator; CARAT complete pages are a correctness baseline",no,no
L20,Graphene: Efficient Interactive Set Reconciliation Applied to Blockchain Propagation,https://doi.org/10.1145/3341302.3342082,publisher or archive terms,2026-09-13,scholarly paper,read-only primary publisher or scholarly archive record; bibliographic metadata and claim-targeted passages,bibliographic citation and conceptual comparison only; no code or data integration,"replication, set-reconciliation, consensus, or deduplication comparator; CARAT complete pages are a correctness baseline",no,no
L22,Viewstamped Replication: A New Primary Copy Method to Support Highly-Available Distributed Systems,https://doi.org/10.1145/62546.62549,publisher or archive terms,2026-09-13,scholarly paper,read-only primary publisher or scholarly archive record; bibliographic metadata and claim-targeted passages,bibliographic citation and conceptual comparison only; no code or data integration,"replication, set-reconciliation, consensus, or deduplication comparator; CARAT complete pages are a correctness baseline",no,no
L23,Paxos Made Live: An Engineering Perspective,https://doi.org/10.1145/1281100.1281103,publisher or archive terms,2026-09-13,scholarly paper,read-only primary publisher or scholarly archive record; bibliographic metadata and claim-targeted passages,bibliographic citation and conceptual comparison only; no code or data integration,"replication, set-reconciliation, consensus, or deduplication comparator; CARAT complete pages are a correctness baseline",no,no
L24,Consensus on Transaction Commit,https://doi.org/10.1145/1132863.1132867,publisher or archive terms,2026-09-13,scholarly paper,read-only primary publisher or scholarly archive record; bibliographic metadata and claim-targeted passages,bibliographic citation and conceptual comparison only; no code or data integration,"replication, set-reconciliation, consensus, or deduplication comparator; CARAT complete pages are a correctness baseline",no,no
L27,Functional Package Management with Guix,https://doi.org/10.48550/arXiv.1305.4584,publisher or archive terms,2026-09-13,scholarly paper,read-only primary publisher or scholarly archive record; bibliographic metadata and claim-targeted passages,bibliographic citation and conceptual comparison only; no code or data integration,"build, deployment, reproducibility, update-security, or execution comparator; CARAT does not inherit execution or authentication guarantees",no,no
L28,Reproducible Builds: Increasing the Integrity of Software Supply Chains,https://doi.org/10.1109/MS.2021.3073045,publisher or archive terms,2026-09-13,scholarly paper,read-only primary publisher or scholarly archive record; bibliographic metadata and claim-targeted passages,bibliographic citation and conceptual comparison only; no code or data integration,"build, deployment, reproducibility, update-security, or execution comparator; CARAT does not inherit execution or authentication guarantees",no,no
L29,Survivable Key Compromise in Software Update Systems,https://doi.org/10.1145/1866307.1866315,publisher or archive terms,2026-09-13,scholarly paper,read-only primary publisher or scholarly archive record; bibliographic metadata and claim-targeted passages,bibliographic citation and conceptual comparison only; no code or data integration,"build, deployment, reproducibility, update-security, or execution comparator; CARAT does not inherit execution or authentication guarantees",no,no
L30,Sigstore: Software Signing for Everybody,https://doi.org/10.1145/3548606.3560596,publisher or archive terms,2026-09-13,scholarly paper,read-only primary publisher or scholarly archive record; bibliographic metadata and claim-targeted passages,bibliographic citation and conceptual comparison only; no code or data integration,"build, deployment, reproducibility, update-security, or execution comparator; CARAT does not inherit execution or authentication guarantees",no,no
L31,Countering Trusting Trust through Diverse Double-Compiling,https://doi.org/10.1109/CSAC.2005.17,publisher or archive terms,2026-09-13,scholarly paper,read-only primary publisher or scholarly archive record; bibliographic metadata and claim-targeted passages,bibliographic citation and conceptual comparison only; no code or data integration,"build, deployment, reproducibility, update-security, or execution comparator; CARAT does not inherit execution or authentication guarantees",no,no
L32,Reflections on Trusting Trust,https://doi.org/10.1145/358198.358210,publisher or archive terms,2026-09-13,scholarly paper,read-only primary publisher or scholarly archive record; bibliographic metadata and claim-targeted passages,bibliographic citation and conceptual comparison only; no code or data integration,"build, deployment, reproducibility, update-security, or execution comparator; CARAT does not inherit execution or authentication guarantees",no,no
L33,A State-of-the-Art Survey on Software Merging,https://doi.org/10.1109/TSE.2002.1000449,publisher or archive terms,2026-09-13,scholarly paper,read-only primary publisher or scholarly archive record; bibliographic metadata and claim-targeted passages,bibliographic citation and conceptual comparison only; no code or data integration,"history transformation, merge, content identity, or repository-mining boundary",no,no
L34,Semistructured Merge: Rethinking Merge in Revision Control Systems,https://doi.org/10.1145/2025113.2025141,publisher or archive terms,2026-09-13,scholarly paper,read-only primary publisher or scholarly archive record; bibliographic metadata and claim-targeted passages,bibliographic citation and conceptual comparison only; no code or data integration,"history transformation, merge, content identity, or repository-mining boundary",no,no
L35,Proactive Detection of Collaboration Conflicts,https://doi.org/10.1145/2025113.2025139,publisher or archive terms,2026-09-13,scholarly paper,read-only primary publisher or scholarly archive record; bibliographic metadata and claim-targeted passages,bibliographic citation and conceptual comparison only; no code or data integration,"history transformation, merge, content identity, or repository-mining boundary",no,no
L36,SafeMerge: A Practical Semantic Merge Tool for Programs,https://doi.org/10.1145/3276501,publisher or archive terms,2026-09-13,scholarly paper,read-only primary publisher or scholarly archive record; bibliographic metadata and claim-targeted passages,bibliographic citation and conceptual comparison only; no code or data integration,"history transformation, merge, content identity, or repository-mining boundary",no,no
L37,Fine-Grained and Accurate Source Code Differencing,https://doi.org/10.1145/2642937.2642982,publisher or archive terms,2026-09-13,scholarly paper,read-only primary publisher or scholarly archive record; bibliographic metadata and claim-targeted passages,bibliographic citation and conceptual comparison only; no code or data integration,"history transformation, merge, content identity, or repository-mining boundary",no,no
L38,The Promises and Perils of Mining Git,https://doi.org/10.1109/MSR.2009.5069475,publisher or archive terms,2026-09-13,scholarly paper,read-only primary publisher or scholarly archive record; bibliographic metadata and claim-targeted passages,bibliographic citation and conceptual comparison only; no code or data integration,"history transformation, merge, content identity, or repository-mining boundary",no,no
L39,Why and Where: A Characterization of Data Provenance,https://doi.org/10.1007/3-540-44503-X_20,publisher or archive terms,2026-09-13,scholarly paper,read-only primary publisher or scholarly archive record; bibliographic metadata and claim-targeted passages,bibliographic citation and conceptual comparison only; no code or data integration,"provenance, diagnosis, contribution-measurement, or interpretation boundary",no,no
L40,"Provenance in Databases: Why, How, and Where",https://doi.org/10.1561/1900000006,publisher or archive terms,2026-09-13,scholarly paper,read-only primary publisher or scholarly archive record; bibliographic metadata and claim-targeted passages,bibliographic citation and conceptual comparison only; no code or data integration,"provenance, diagnosis, contribution-measurement, or interpretation boundary",no,no
L42,Hi-Fi: Collecting High-Fidelity Whole-System Provenance,https://doi.org/10.1145/2420950.2420989,publisher or archive terms,2026-09-13,scholarly paper,read-only primary publisher or scholarly archive record; bibliographic metadata and claim-targeted passages,bibliographic citation and conceptual comparison only; no code or data integration,"provenance, diagnosis, contribution-measurement, or interpretation boundary",no,no
L43,MillWheel: Fault-Tolerant Stream Processing at Internet Scale,https://doi.org/10.14778/2536222.2536229,publisher or archive terms,2026-09-13,scholarly paper,read-only primary publisher or scholarly archive record; bibliographic metadata and claim-targeted passages,bibliographic citation and conceptual comparison only; no code or data integration,"completion, global-state, causality, termination, or progress comparator for explicit origin-sealed windows",no,no
L44,Naiad: A Timely Dataflow System,https://doi.org/10.1145/2517349.2522738,publisher or archive terms,2026-09-13,scholarly paper,read-only primary publisher or scholarly archive record; bibliographic metadata and claim-targeted passages,bibliographic citation and conceptual comparison only; no code or data integration,"completion, global-state, causality, termination, or progress comparator for explicit origin-sealed windows",no,no
L45,"The Dataflow Model: A Practical Approach to Balancing Correctness, Latency, and Cost in Massive-Scale, Unbounded, Out-of-Order Data Processing",https://doi.org/10.14778/2824032.2824076,publisher or archive terms,2026-09-13,scholarly paper,read-only primary publisher or scholarly archive record; bibliographic metadata and claim-targeted passages,bibliographic citation and conceptual comparison only; no code or data integration,"completion, global-state, causality, termination, or progress comparator for explicit origin-sealed windows",no,no
L46,Apache Flink: Stream and Batch Processing in a Single Engine,https://sites.computer.org/debull/A15dec/p28.pdf,publisher or archive terms,2026-09-13,scholarly paper,read-only primary publisher or scholarly archive record; bibliographic metadata and claim-targeted passages,bibliographic citation and conceptual comparison only; no code or data integration,"completion, global-state, causality, termination, or progress comparator for explicit origin-sealed windows",no,no
