sample,repetition,fault,facts,converged,determined,checker_accepted,mass_spread,mass_error,rounds,messages_sent,summary_messages_sent,fact_messages_sent,summary_messages_delivered,fact_messages_delivered,bytes_sent,summary_bytes,duplicate_deliveries,dropped_messages,arrival_order_branch_spread,elapsed_ms
click-pathlike-edit,0,clean,67,1,1,1,0,0,5,100,60,40,60,40,200420,6640,1072,0,1,26.981985
click-pathlike-edit,0,partition,67,1,1,1,0,0,17,204,156,48,156,48,200420,20836,1072,0,1,29.340641
click-pathlike-edit,0,delay-reorder,67,1,1,1,0,0,25,595,460,135,460,135,602727,88444,3768,0,6,84.574583
click-pathlike-edit,0,duplicate-loss,67,1,1,1,0,0,25,767,599,168,466,133,619813,117770,3143,168,3,77.233164
click-pathlike-edit,0,combined,67,1,1,1,0,0,29,581,395,186,343,152,633689,61495,3343,86,3,74.712681
click-pathlike-edit,1,clean,81,1,1,1,0,0,5,100,60,40,60,40,246000,6640,1296,0,0,33.292043
click-pathlike-edit,1,partition,81,1,1,1,0,0,17,204,156,48,156,48,246000,20836,1296,0,0,34.260880
click-pathlike-edit,1,delay-reorder,81,1,1,1,0,0,25,599,460,139,460,139,749066,87316,4599,0,1,103.091665
click-pathlike-edit,1,duplicate-loss,81,1,1,1,0,0,25,756,613,143,479,106,752358,123941,3406,171,4,91.396643
click-pathlike-edit,1,combined,81,1,1,1,0,0,30,597,408,189,342,143,728227,66067,3299,112,1,78.354896
click-pathlike-edit,2,clean,72,1,1,1,0,0,5,100,60,40,60,40,216400,6640,1152,0,8,29.608636
click-pathlike-edit,2,partition,72,1,1,1,0,0,17,204,156,48,156,48,216400,20836,1152,0,8,31.604295
click-pathlike-edit,2,delay-reorder,72,1,1,1,0,0,25,586,460,126,460,126,635062,88820,3936,0,15,88.653378
click-pathlike-edit,2,duplicate-loss,72,1,1,1,0,0,25,767,600,167,458,130,674186,115374,3043,179,4,74.151005
click-pathlike-edit,2,combined,72,1,1,1,0,0,29,519,401,118,334,86,556544,72781,2443,99,8,69.302915
click-pathlike-edit,3,clean,86,1,1,1,0,0,5,100,60,40,60,40,263240,6640,1376,0,1,35.135314
click-pathlike-edit,3,partition,86,1,1,1,0,0,17,204,156,48,156,48,263240,20836,1376,0,1,38.347742
click-pathlike-edit,3,delay-reorder,86,1,1,1,0,0,25,576,460,116,460,116,670008,91264,4031,0,5,96.028442
click-pathlike-edit,3,duplicate-loss,86,1,1,1,0,0,24,725,594,131,458,102,695206,121572,3312,165,5,93.885845
click-pathlike-edit,3,combined,86,1,1,1,0,0,30,588,408,180,343,151,792305,63576,4030,94,4,92.915682
pytest-conftest-blocking,0,clean,59,1,1,1,0,0,5,100,60,40,60,40,181340,6640,944,0,1,23.334985
pytest-conftest-blocking,0,partition,59,1,1,1,0,0,17,204,156,48,156,48,181340,20836,944,0,1,26.168565
pytest-conftest-blocking,0,delay-reorder,59,1,1,1,0,0,25,604,460,144,460,144,565112,87692,3419,0,2,81.492373
pytest-conftest-blocking,0,duplicate-loss,59,1,1,1,0,0,25,764,606,158,468,118,561659,119798,2366,178,4,58.830453
pytest-conftest-blocking,0,combined,59,1,1,1,0,0,29,511,400,111,332,85,442591,72780,2082,94,1,57.291890
pytest-conftest-blocking,1,clean,69,1,1,1,0,0,5,100,60,40,60,40,214200,6640,1104,0,5,27.819996
pytest-conftest-blocking,1,partition,69,1,1,1,0,0,17,204,156,48,156,48,214200,20836,1104,0,5,29.556978
pytest-conftest-blocking,1,delay-reorder,69,1,1,1,0,0,25,594,460,134,460,134,642811,87692,3859,0,5,86.873195
pytest-conftest-blocking,1,duplicate-loss,69,1,1,1,0,0,25,773,609,164,467,123,605667,121258,2677,183,3,67.430598
pytest-conftest-blocking,1,combined,69,1,1,1,0,0,29,539,408,131,338,98,553852,72882,2508,103,5,61.062766
pytest-conftest-blocking,2,clean,59,1,1,1,0,0,5,100,60,40,60,40,181340,6640,944,0,14,24.854969
pytest-conftest-blocking,2,partition,59,1,1,1,0,0,17,204,156,48,156,48,181340,20836,944,0,14,30.733634
pytest-conftest-blocking,2,delay-reorder,59,1,1,1,0,0,25,575,460,115,460,115,470052,91828,2831,0,17,68.876105
pytest-conftest-blocking,2,duplicate-loss,59,1,1,1,0,0,25,755,608,147,480,114,556978,121586,2653,161,17,65.173612
pytest-conftest-blocking,2,combined,59,1,1,1,0,0,30,575,409,166,355,140,464330,66491,2381,80,17,57.308527
pytest-conftest-blocking,3,clean,69,1,1,1,0,0,5,100,60,40,60,40,214200,6640,1104,0,6,27.838094
pytest-conftest-blocking,3,partition,69,1,1,1,0,0,17,204,156,48,156,48,214200,20836,1104,0,6,29.393916
pytest-conftest-blocking,3,delay-reorder,69,1,1,1,0,0,25,587,460,127,460,127,574859,89196,3437,0,4,81.585188
pytest-conftest-blocking,3,duplicate-loss,69,1,1,1,0,0,25,771,612,159,488,119,705799,123329,3145,164,6,77.661932
pytest-conftest-blocking,3,combined,69,1,1,1,0,0,29,535,403,132,350,96,624898,72125,2861,89,6,68.604831
requests-pytest-compatibility,0,clean,31,1,1,1,0,0,5,100,60,40,60,40,93580,6416,496,0,1,12.287321
requests-pytest-compatibility,0,partition,31,1,1,1,0,0,17,204,156,48,156,48,93580,20072,496,0,1,14.618941
requests-pytest-compatibility,0,delay-reorder,31,1,1,1,0,0,25,617,460,157,460,157,305527,81764,1899,0,2,44.880070
requests-pytest-compatibility,0,duplicate-loss,31,1,1,1,0,0,25,747,596,151,463,112,277592,113293,1240,172,1,34.683857
requests-pytest-compatibility,0,combined,31,1,1,1,0,0,29,528,402,126,335,98,259567,68183,1286,95,1,33.103715
requests-pytest-compatibility,1,clean,41,1,1,1,0,0,5,100,60,40,60,40,125860,6416,656,0,5,16.149536
requests-pytest-compatibility,1,partition,41,1,1,1,0,0,17,204,156,48,156,48,125860,20072,656,0,5,19.743152
requests-pytest-compatibility,1,delay-reorder,41,1,1,1,0,0,25,615,460,155,460,155,375265,82056,2293,0,5,61.110607
requests-pytest-compatibility,1,duplicate-loss,41,1,1,1,0,0,25,747,611,136,478,110,329201,119446,1545,159,2,42.325752
requests-pytest-compatibility,1,combined,41,1,1,1,0,0,29,534,402,132,328,96,340896,69379,1535,110,5,40.141415
requests-pytest-compatibility,2,clean,35,1,1,1,0,0,5,100,60,40,60,40,106560,6416,560,0,5,16.166674
requests-pytest-compatibility,2,partition,35,1,1,1,0,0,17,204,156,48,156,48,106560,20072,560,0,6,15.617319
requests-pytest-compatibility,2,delay-reorder,35,1,1,1,0,0,25,608,460,148,460,148,335721,81968,2066,0,11,47.817881
requests-pytest-compatibility,2,duplicate-loss,35,1,1,1,0,0,25,754,618,136,484,102,305993,120443,1303,168,16,35.384576
requests-pytest-compatibility,2,combined,35,1,1,1,0,0,29,519,394,125,331,92,294140,66821,1329,96,6,33.335262
requests-pytest-compatibility,3,clean,47,1,1,1,0,0,5,100,60,40,60,40,146320,6472,752,0,9,19.778396
requests-pytest-compatibility,3,partition,47,1,1,1,0,0,17,204,156,48,156,48,146320,20288,752,0,7,21.327238
requests-pytest-compatibility,3,delay-reorder,47,1,1,1,0,0,24,558,440,118,440,118,351348,84744,2083,0,20,52.116790
requests-pytest-compatibility,3,duplicate-loss,47,1,1,1,0,0,25,746,596,150,457,122,424190,115229,2080,167,9,51.443710
requests-pytest-compatibility,3,combined,47,1,1,1,0,0,29,533,408,125,341,101,378235,71302,1887,91,9,50.644161
httpx-client-certificate-path,0,clean,35,1,1,1,0,0,5,100,60,40,60,40,106560,6416,560,0,1,14.392336
httpx-client-certificate-path,0,partition,35,1,1,1,0,0,17,204,156,48,156,48,106560,20072,560,0,1,16.532919
httpx-client-certificate-path,0,delay-reorder,35,1,1,1,0,0,25,587,460,127,460,127,285538,85812,1732,0,2,42.089947
httpx-client-certificate-path,0,duplicate-loss,35,1,1,1,0,0,25,783,608,175,488,122,338841,118245,1364,173,0,37.879519
httpx-client-certificate-path,0,combined,35,1,1,1,0,0,30,549,426,123,364,98,278747,75523,1369,87,1,35.343881
httpx-client-certificate-path,1,clean,41,1,1,1,0,0,5,100,60,40,60,40,125860,6416,656,0,1,16.597591
httpx-client-certificate-path,1,partition,41,1,1,1,0,0,17,204,156,48,156,48,125860,20072,656,0,1,18.967747
httpx-client-certificate-path,1,delay-reorder,41,1,1,1,0,0,25,599,460,139,460,139,353853,85828,2143,0,2,55.719036
httpx-client-certificate-path,1,duplicate-loss,41,1,1,1,0,0,25,750,605,145,465,113,335184,115317,1610,172,0,43.224604
httpx-client-certificate-path,1,combined,41,1,1,1,0,0,29,523,407,116,340,90,342229,70693,1678,93,1,42.052523
httpx-client-certificate-path,2,clean,39,1,1,1,0,0,5,100,60,40,60,40,119600,6472,624,0,6,16.551463
httpx-client-certificate-path,2,partition,39,1,1,1,0,0,17,204,156,48,156,48,119600,20288,624,0,2,18.090246
httpx-client-certificate-path,2,delay-reorder,39,1,1,1,0,0,25,608,460,148,460,148,357015,83472,2170,0,8,52.002223
httpx-client-certificate-path,2,duplicate-loss,39,1,1,1,0,0,25,747,603,144,492,109,364265,119159,1694,146,8,43.302322
httpx-client-certificate-path,2,combined,39,1,1,1,0,0,30,631,430,201,362,169,414596,63555,2194,100,4,49.949452
httpx-client-certificate-path,3,clean,51,1,1,1,0,0,5,100,60,40,60,40,160020,6528,816,0,4,21.826103
httpx-client-certificate-path,3,partition,51,1,1,1,0,0,17,204,156,48,156,48,160020,20504,816,0,4,22.285370
httpx-client-certificate-path,3,delay-reorder,51,1,1,1,0,0,25,591,460,131,460,131,470982,85664,2797,0,4,65.690393
httpx-client-certificate-path,3,duplicate-loss,51,1,1,1,0,0,25,751,607,144,470,112,477616,119035,2121,169,6,54.252187
httpx-client-certificate-path,3,combined,51,1,1,1,0,0,29,523,401,122,315,89,399650,68466,1708,119,4,49.372951
django-reverse-test-sequence,0,clean,24,1,1,1,0,0,5,100,60,40,60,40,72640,6360,384,0,0,10.145522
django-reverse-test-sequence,0,partition,24,1,1,1,0,0,17,204,156,48,156,48,72640,19956,384,0,0,11.550467
django-reverse-test-sequence,0,delay-reorder,24,1,1,1,0,0,25,576,460,116,460,116,184865,86680,1122,0,0,30.476877
django-reverse-test-sequence,0,duplicate-loss,24,1,1,1,0,0,25,759,605,154,487,116,227888,115130,1048,156,0,29.622981
django-reverse-test-sequence,0,combined,24,1,1,1,0,0,29,528,409,119,343,88,182341,70249,876,97,0,24.830756
django-reverse-test-sequence,1,clean,28,1,1,1,0,0,5,100,60,40,60,40,85480,6360,448,0,1,11.640712
django-reverse-test-sequence,1,partition,28,1,1,1,0,0,17,204,156,48,156,48,85480,19956,448,0,1,13.880311
django-reverse-test-sequence,1,delay-reorder,28,1,1,1,0,0,25,588,460,128,460,128,257223,84520,1574,0,1,39.668302
django-reverse-test-sequence,1,duplicate-loss,28,1,1,1,0,0,25,727,583,144,448,109,222789,111958,973,170,2,30.065483
django-reverse-test-sequence,1,combined,28,1,1,1,0,0,29,509,397,112,340,86,200169,70327,932,83,1,27.964770
django-reverse-test-sequence,2,clean,28,1,1,1,0,0,5,100,60,40,60,40,85620,6360,448,0,4,12.363475
django-reverse-test-sequence,2,partition,28,1,1,1,0,0,17,204,156,48,156,48,85620,19956,448,0,4,13.751825
django-reverse-test-sequence,2,delay-reorder,28,1,1,1,0,0,25,593,460,133,460,133,254339,83980,1546,0,8,39.073338
django-reverse-test-sequence,2,duplicate-loss,28,1,1,1,0,0,25,725,588,137,441,103,218558,111243,936,181,8,29.941062
django-reverse-test-sequence,2,combined,28,1,1,1,0,0,30,545,420,125,344,97,239582,71385,1212,104,4,31.523362
django-reverse-test-sequence,3,clean,36,1,1,1,0,0,5,100,60,40,60,40,112500,6416,576,0,7,14.474960
django-reverse-test-sequence,3,partition,36,1,1,1,0,0,17,204,156,48,156,48,112500,20172,576,0,7,16.716019
django-reverse-test-sequence,3,delay-reorder,36,1,1,1,0,0,25,597,460,137,460,137,322721,83456,1923,0,14,47.183891
django-reverse-test-sequence,3,duplicate-loss,36,1,1,1,0,0,25,720,588,132,431,98,357370,111532,1608,191,14,40.797289
django-reverse-test-sequence,3,combined,36,1,1,1,0,0,29,518,397,121,327,91,305857,68768,1353,100,14,35.002842
fastapi-metadata-typo,0,clean,24,1,1,1,0,0,5,100,60,40,60,40,74500,6360,384,0,0,9.857982
fastapi-metadata-typo,0,partition,24,1,1,1,0,0,17,204,156,48,156,48,74500,19956,384,0,0,11.555493
fastapi-metadata-typo,0,delay-reorder,24,1,1,1,0,0,25,592,460,132,460,132,226060,82720,1361,0,0,34.082610
fastapi-metadata-typo,0,duplicate-loss,24,1,1,1,0,0,25,726,576,150,460,110,212936,110466,888,156,0,25.724452
fastapi-metadata-typo,0,combined,24,1,1,1,0,0,29,542,406,136,343,99,222525,67996,989,100,0,26.359316
fastapi-metadata-typo,1,clean,28,1,1,1,0,0,5,100,60,40,60,40,87660,6360,448,0,1,12.547511
fastapi-metadata-typo,1,partition,28,1,1,1,0,0,17,204,156,48,156,48,87660,19956,448,0,1,12.767200
fastapi-metadata-typo,1,delay-reorder,28,1,1,1,0,0,25,582,460,122,460,122,239528,85960,1418,0,1,40.919270
fastapi-metadata-typo,1,duplicate-loss,28,1,1,1,0,0,25,763,608,155,458,116,253093,112703,1130,189,1,32.242494
fastapi-metadata-typo,1,combined,28,1,1,1,0,0,29,519,389,130,324,94,255268,64379,1150,101,2,29.939512
fastapi-metadata-typo,2,clean,28,1,1,1,0,0,5,100,60,40,60,40,87940,6360,448,0,6,11.780691
fastapi-metadata-typo,2,partition,28,1,1,1,0,0,17,204,156,48,156,48,87940,19956,448,0,6,13.088939
fastapi-metadata-typo,2,delay-reorder,28,1,1,1,0,0,25,600,460,140,460,140,252097,83980,1496,0,6,37.521895
fastapi-metadata-typo,2,duplicate-loss,28,1,1,1,0,0,25,737,602,135,465,103,237810,115172,1012,169,6,31.779189
fastapi-metadata-typo,2,combined,28,1,1,1,0,0,29,523,393,130,336,96,239881,67038,1128,91,6,28.874078
fastapi-metadata-typo,3,clean,36,1,1,1,0,0,5,100,60,40,60,40,115680,6416,576,0,5,14.521537
fastapi-metadata-typo,3,partition,36,1,1,1,0,0,17,204,156,48,156,48,115680,20172,576,0,5,20.032652
fastapi-metadata-typo,3,delay-reorder,36,1,1,1,0,0,25,578,460,118,460,118,316770,87652,1820,0,5,48.137568
fastapi-metadata-typo,3,duplicate-loss,36,1,1,1,0,0,25,740,590,150,455,114,346508,113149,1423,171,10,39.655186
fastapi-metadata-typo,3,combined,36,1,1,1,0,0,29,553,415,138,342,105,351626,70220,1585,106,10,40.746358
serde-json-buffered-reader,0,clean,24,1,1,1,0,0,5,100,60,40,60,40,74500,6360,384,0,6,10.053078
serde-json-buffered-reader,0,partition,24,1,1,1,0,0,17,204,156,48,156,48,74500,19956,384,0,6,11.163966
serde-json-buffered-reader,0,delay-reorder,24,1,1,1,0,0,25,593,460,133,460,133,204761,84520,1223,0,12,32.745298
serde-json-buffered-reader,0,duplicate-loss,24,1,1,1,0,0,25,750,602,148,457,107,219533,114542,932,186,6,27.697612
serde-json-buffered-reader,0,combined,24,1,1,1,0,0,30,606,426,180,351,143,227257,65406,1139,112,6,28.850980
serde-json-buffered-reader,1,clean,30,1,1,1,0,0,5,100,60,40,60,40,94800,6360,480,0,9,12.505290
serde-json-buffered-reader,1,partition,30,1,1,1,0,0,17,204,156,48,156,48,94800,19956,480,0,9,15.190855
serde-json-buffered-reader,1,delay-reorder,30,1,1,1,0,0,25,578,460,118,460,118,254533,85780,1495,0,18,37.148747
serde-json-buffered-reader,1,duplicate-loss,30,1,1,1,0,0,25,740,600,140,469,106,251125,114495,1043,165,18,31.810619
serde-json-buffered-reader,1,combined,30,1,1,1,0,0,29,542,405,137,334,109,289518,66510,1424,99,18,34.817123
serde-json-buffered-reader,2,clean,32,1,1,1,0,0,5,100,60,40,60,40,101400,6416,512,0,12,12.937325
serde-json-buffered-reader,2,partition,32,1,1,1,0,0,17,204,156,48,156,48,101400,20172,512,0,12,14.867558
serde-json-buffered-reader,2,delay-reorder,32,1,1,1,0,0,25,595,460,135,460,135,329890,84340,1958,0,24,46.334747
serde-json-buffered-reader,2,duplicate-loss,32,1,1,1,0,0,25,733,591,142,452,101,263019,115114,1074,180,12,34.993051
serde-json-buffered-reader,2,combined,32,1,1,1,0,0,29,519,395,124,334,85,276205,66793,1126,100,12,30.317416
serde-json-buffered-reader,3,clean,40,1,1,1,0,0,5,100,60,40,60,40,129700,6472,640,0,3,16.329140
serde-json-buffered-reader,3,partition,40,1,1,1,0,0,17,204,156,48,156,48,129700,20288,640,0,3,18.343596
serde-json-buffered-reader,3,delay-reorder,40,1,1,1,0,0,25,599,460,139,460,139,359808,86736,2052,0,3,54.272883
serde-json-buffered-reader,3,duplicate-loss,40,1,1,1,0,0,25,740,598,142,456,105,362014,115520,1483,179,3,42.094317
serde-json-buffered-reader,3,combined,40,1,1,1,0,0,29,504,381,123,321,98,367215,64787,1733,85,6,42.906471
ripgrep-json-statistics,0,clean,35,1,1,1,0,0,5,100,60,40,60,40,109320,6416,560,0,3,17.003847
ripgrep-json-statistics,0,partition,35,1,1,1,0,0,17,204,156,48,156,48,109320,20072,560,0,1,16.440542
ripgrep-json-statistics,0,delay-reorder,35,1,1,1,0,0,25,583,460,123,460,123,314260,86360,1871,0,4,46.712183
ripgrep-json-statistics,0,duplicate-loss,35,1,1,1,0,0,25,779,602,177,487,134,374142,114910,1681,158,4,43.768820
ripgrep-json-statistics,0,combined,35,1,1,1,0,0,29,607,408,199,355,161,364221,61204,1776,91,4,42.061842
ripgrep-json-statistics,1,clean,41,1,1,1,0,0,5,100,60,40,60,40,129100,6416,656,0,5,15.945501
ripgrep-json-statistics,1,partition,41,1,1,1,0,0,17,204,156,48,156,48,129100,20072,656,0,2,18.759118
ripgrep-json-statistics,1,delay-reorder,41,1,1,1,0,0,25,580,460,120,460,120,370532,86172,2186,0,8,51.288760
ripgrep-json-statistics,1,duplicate-loss,41,1,1,1,0,0,25,735,601,134,465,102,363687,115500,1608,168,13,43.990899
ripgrep-json-statistics,1,combined,41,1,1,1,0,0,30,608,425,183,345,156,403698,64945,2073,107,8,49.160471
ripgrep-json-statistics,2,clean,37,1,1,1,0,0,5,100,60,40,60,40,116200,6472,592,0,13,14.692069
ripgrep-json-statistics,2,partition,37,1,1,1,0,0,17,204,156,48,156,48,116200,20288,592,0,1,16.397984
ripgrep-json-statistics,2,delay-reorder,37,1,1,1,0,0,25,590,460,130,460,130,333184,86072,1975,0,13,47.619255
ripgrep-json-statistics,2,duplicate-loss,37,1,1,1,0,0,25,751,615,136,477,101,324200,118623,1329,173,21,38.416739
ripgrep-json-statistics,2,combined,37,1,1,1,0,0,29,533,401,132,336,95,322169,68342,1367,102,7,39.211164
ripgrep-json-statistics,3,clean,49,1,1,1,0,0,5,100,60,40,60,40,157480,6528,784,0,0,20.020598
ripgrep-json-statistics,3,partition,49,1,1,1,0,0,17,204,156,48,156,48,157480,20504,784,0,0,22.205730
ripgrep-json-statistics,3,delay-reorder,49,1,1,1,0,0,25,603,460,143,460,143,448194,86464,2603,0,0,60.929770
ripgrep-json-statistics,3,duplicate-loss,49,1,1,1,0,0,25,742,592,150,467,116,479815,113322,2245,159,0,65.393504
ripgrep-json-statistics,3,combined,49,1,1,1,0,0,29,517,402,115,328,90,368348,70507,1686,99,0,44.239912
