family,sample,case,copies,repetition,oracle_mass,mint_only_mass,carat_determined,carat_partial_mass
valid,click-pathlike-edit,rebase,0,0,58,58,True,58
valid,click-pathlike-edit,rebase,0,1,58,58,True,58
valid,click-pathlike-edit,rebase,0,2,58,58,True,58
valid,click-pathlike-edit,rebase,1,0,58,58,True,58
valid,click-pathlike-edit,rebase,1,1,58,58,True,58
valid,click-pathlike-edit,rebase,1,2,58,58,True,58
valid,click-pathlike-edit,rebase,2,0,58,58,True,58
valid,click-pathlike-edit,rebase,2,1,58,58,True,58
valid,click-pathlike-edit,rebase,2,2,58,58,True,58
valid,click-pathlike-edit,rebase,4,0,58,58,True,58
valid,click-pathlike-edit,rebase,4,1,58,58,True,58
valid,click-pathlike-edit,rebase,4,2,58,58,True,58
valid,click-pathlike-edit,rebase,8,0,58,58,True,58
valid,click-pathlike-edit,rebase,8,1,58,58,True,58
valid,click-pathlike-edit,rebase,8,2,58,58,True,58
valid,click-pathlike-edit,rebase,16,0,58,58,True,58
valid,click-pathlike-edit,rebase,16,1,58,58,True,58
valid,click-pathlike-edit,rebase,16,2,58,58,True,58
valid,click-pathlike-edit,cherry_pick,0,0,58,58,True,58
valid,click-pathlike-edit,cherry_pick,0,1,58,58,True,58
valid,click-pathlike-edit,cherry_pick,0,2,58,58,True,58
valid,click-pathlike-edit,cherry_pick,1,0,58,58,True,58
valid,click-pathlike-edit,cherry_pick,1,1,58,58,True,58
valid,click-pathlike-edit,cherry_pick,1,2,58,58,True,58
valid,click-pathlike-edit,cherry_pick,2,0,58,58,True,58
valid,click-pathlike-edit,cherry_pick,2,1,58,58,True,58
valid,click-pathlike-edit,cherry_pick,2,2,58,58,True,58
valid,click-pathlike-edit,cherry_pick,4,0,58,58,True,58
valid,click-pathlike-edit,cherry_pick,4,1,58,58,True,58
valid,click-pathlike-edit,cherry_pick,4,2,58,58,True,58
valid,click-pathlike-edit,cherry_pick,8,0,58,58,True,58
valid,click-pathlike-edit,cherry_pick,8,1,58,58,True,58
valid,click-pathlike-edit,cherry_pick,8,2,58,58,True,58
valid,click-pathlike-edit,cherry_pick,16,0,58,58,True,58
valid,click-pathlike-edit,cherry_pick,16,1,58,58,True,58
valid,click-pathlike-edit,cherry_pick,16,2,58,58,True,58
valid,click-pathlike-edit,fork,0,0,58,58,True,58
valid,click-pathlike-edit,fork,0,1,58,58,True,58
valid,click-pathlike-edit,fork,0,2,58,58,True,58
valid,click-pathlike-edit,fork,1,0,58,58,True,58
valid,click-pathlike-edit,fork,1,1,58,58,True,58
valid,click-pathlike-edit,fork,1,2,58,58,True,58
valid,click-pathlike-edit,fork,2,0,58,58,True,58
valid,click-pathlike-edit,fork,2,1,58,58,True,58
valid,click-pathlike-edit,fork,2,2,58,58,True,58
valid,click-pathlike-edit,fork,4,0,58,58,True,58
valid,click-pathlike-edit,fork,4,1,58,58,True,58
valid,click-pathlike-edit,fork,4,2,58,58,True,58
valid,click-pathlike-edit,fork,8,0,58,58,True,58
valid,click-pathlike-edit,fork,8,1,58,58,True,58
valid,click-pathlike-edit,fork,8,2,58,58,True,58
valid,click-pathlike-edit,fork,16,0,58,58,True,58
valid,click-pathlike-edit,fork,16,1,58,58,True,58
valid,click-pathlike-edit,fork,16,2,58,58,True,58
valid,click-pathlike-edit,squash,0,0,58,58,True,58
valid,click-pathlike-edit,squash,0,1,58,58,True,58
valid,click-pathlike-edit,squash,0,2,58,58,True,58
valid,click-pathlike-edit,squash,1,0,58,58,True,58
valid,click-pathlike-edit,squash,1,1,58,58,True,58
valid,click-pathlike-edit,squash,1,2,58,58,True,58
valid,click-pathlike-edit,squash,2,0,58,58,True,58
valid,click-pathlike-edit,squash,2,1,58,58,True,58
valid,click-pathlike-edit,squash,2,2,58,58,True,58
valid,click-pathlike-edit,squash,4,0,58,58,True,58
valid,click-pathlike-edit,squash,4,1,58,58,True,58
valid,click-pathlike-edit,squash,4,2,58,58,True,58
valid,click-pathlike-edit,squash,8,0,58,58,True,58
valid,click-pathlike-edit,squash,8,1,58,58,True,58
valid,click-pathlike-edit,squash,8,2,58,58,True,58
valid,click-pathlike-edit,squash,16,0,58,58,True,58
valid,click-pathlike-edit,squash,16,1,58,58,True,58
valid,click-pathlike-edit,squash,16,2,58,58,True,58
valid,click-pathlike-edit,revert,0,0,58,58,True,58
valid,click-pathlike-edit,revert,0,1,58,58,True,58
valid,click-pathlike-edit,revert,0,2,58,58,True,58
valid,click-pathlike-edit,revert,1,0,58,58,True,58
valid,click-pathlike-edit,revert,1,1,58,58,True,58
valid,click-pathlike-edit,revert,1,2,58,58,True,58
valid,click-pathlike-edit,revert,2,0,58,58,True,58
valid,click-pathlike-edit,revert,2,1,58,58,True,58
valid,click-pathlike-edit,revert,2,2,58,58,True,58
valid,click-pathlike-edit,revert,4,0,58,58,True,58
valid,click-pathlike-edit,revert,4,1,58,58,True,58
valid,click-pathlike-edit,revert,4,2,58,58,True,58
valid,click-pathlike-edit,revert,8,0,58,58,True,58
valid,click-pathlike-edit,revert,8,1,58,58,True,58
valid,click-pathlike-edit,revert,8,2,58,58,True,58
valid,click-pathlike-edit,revert,16,0,58,58,True,58
valid,click-pathlike-edit,revert,16,1,58,58,True,58
valid,click-pathlike-edit,revert,16,2,58,58,True,58
invalid,click-pathlike-edit,missing-transform-output,,0,58,58,False,58
invalid,click-pathlike-edit,conflicting-presentation,,0,58,58,False,58
invalid,click-pathlike-edit,unresolved-effect,,0,58,58,False,58
invalid,click-pathlike-edit,conflicting-event,,0,58,58,False,58
invalid,click-pathlike-edit,invalid-transform,,0,58,58,False,58
invalid,click-pathlike-edit,missing-transform-output,,1,59,59,False,59
invalid,click-pathlike-edit,conflicting-presentation,,1,59,59,False,59
invalid,click-pathlike-edit,unresolved-effect,,1,59,59,False,59
invalid,click-pathlike-edit,conflicting-event,,1,59,59,False,59
invalid,click-pathlike-edit,invalid-transform,,1,59,59,False,59
invalid,click-pathlike-edit,missing-transform-output,,2,60,60,False,60
invalid,click-pathlike-edit,conflicting-presentation,,2,60,60,False,60
invalid,click-pathlike-edit,unresolved-effect,,2,60,60,False,60
invalid,click-pathlike-edit,conflicting-event,,2,60,60,False,60
invalid,click-pathlike-edit,invalid-transform,,2,60,60,False,60
invalid,click-pathlike-edit,missing-transform-output,,3,61,61,False,61
invalid,click-pathlike-edit,conflicting-presentation,,3,61,61,False,61
invalid,click-pathlike-edit,unresolved-effect,,3,61,61,False,61
invalid,click-pathlike-edit,conflicting-event,,3,61,61,False,61
invalid,click-pathlike-edit,invalid-transform,,3,61,61,False,61
invalid,click-pathlike-edit,missing-transform-output,,4,62,62,False,62
invalid,click-pathlike-edit,conflicting-presentation,,4,62,62,False,62
invalid,click-pathlike-edit,unresolved-effect,,4,62,62,False,62
invalid,click-pathlike-edit,conflicting-event,,4,62,62,False,62
invalid,click-pathlike-edit,invalid-transform,,4,62,62,False,62
invalid,click-pathlike-edit,missing-transform-output,,5,63,63,False,63
invalid,click-pathlike-edit,conflicting-presentation,,5,63,63,False,63
invalid,click-pathlike-edit,unresolved-effect,,5,63,63,False,63
invalid,click-pathlike-edit,conflicting-event,,5,63,63,False,63
invalid,click-pathlike-edit,invalid-transform,,5,63,63,False,63
invalid,click-pathlike-edit,missing-transform-output,,6,64,64,False,64
invalid,click-pathlike-edit,conflicting-presentation,,6,64,64,False,64
invalid,click-pathlike-edit,unresolved-effect,,6,64,64,False,64
invalid,click-pathlike-edit,conflicting-event,,6,64,64,False,64
invalid,click-pathlike-edit,invalid-transform,,6,64,64,False,64
invalid,click-pathlike-edit,missing-transform-output,,7,65,65,False,65
invalid,click-pathlike-edit,conflicting-presentation,,7,65,65,False,65
invalid,click-pathlike-edit,unresolved-effect,,7,65,65,False,65
invalid,click-pathlike-edit,conflicting-event,,7,65,65,False,65
invalid,click-pathlike-edit,invalid-transform,,7,65,65,False,65
invalid,click-pathlike-edit,missing-transform-output,,8,66,66,False,66
invalid,click-pathlike-edit,conflicting-presentation,,8,66,66,False,66
invalid,click-pathlike-edit,unresolved-effect,,8,66,66,False,66
invalid,click-pathlike-edit,conflicting-event,,8,66,66,False,66
invalid,click-pathlike-edit,invalid-transform,,8,66,66,False,66
invalid,click-pathlike-edit,missing-transform-output,,9,67,67,False,67
invalid,click-pathlike-edit,conflicting-presentation,,9,67,67,False,67
invalid,click-pathlike-edit,unresolved-effect,,9,67,67,False,67
invalid,click-pathlike-edit,conflicting-event,,9,67,67,False,67
invalid,click-pathlike-edit,invalid-transform,,9,67,67,False,67
valid,pytest-conftest-blocking,rebase,0,0,16,16,True,16
valid,pytest-conftest-blocking,rebase,0,1,16,16,True,16
valid,pytest-conftest-blocking,rebase,0,2,16,16,True,16
valid,pytest-conftest-blocking,rebase,1,0,16,16,True,16
valid,pytest-conftest-blocking,rebase,1,1,16,16,True,16
valid,pytest-conftest-blocking,rebase,1,2,16,16,True,16
valid,pytest-conftest-blocking,rebase,2,0,16,16,True,16
valid,pytest-conftest-blocking,rebase,2,1,16,16,True,16
valid,pytest-conftest-blocking,rebase,2,2,16,16,True,16
valid,pytest-conftest-blocking,rebase,4,0,16,16,True,16
valid,pytest-conftest-blocking,rebase,4,1,16,16,True,16
valid,pytest-conftest-blocking,rebase,4,2,16,16,True,16
valid,pytest-conftest-blocking,rebase,8,0,16,16,True,16
valid,pytest-conftest-blocking,rebase,8,1,16,16,True,16
valid,pytest-conftest-blocking,rebase,8,2,16,16,True,16
valid,pytest-conftest-blocking,rebase,16,0,16,16,True,16
valid,pytest-conftest-blocking,rebase,16,1,16,16,True,16
valid,pytest-conftest-blocking,rebase,16,2,16,16,True,16
valid,pytest-conftest-blocking,cherry_pick,0,0,16,16,True,16
valid,pytest-conftest-blocking,cherry_pick,0,1,16,16,True,16
valid,pytest-conftest-blocking,cherry_pick,0,2,16,16,True,16
valid,pytest-conftest-blocking,cherry_pick,1,0,16,16,True,16
valid,pytest-conftest-blocking,cherry_pick,1,1,16,16,True,16
valid,pytest-conftest-blocking,cherry_pick,1,2,16,16,True,16
valid,pytest-conftest-blocking,cherry_pick,2,0,16,16,True,16
valid,pytest-conftest-blocking,cherry_pick,2,1,16,16,True,16
valid,pytest-conftest-blocking,cherry_pick,2,2,16,16,True,16
valid,pytest-conftest-blocking,cherry_pick,4,0,16,16,True,16
valid,pytest-conftest-blocking,cherry_pick,4,1,16,16,True,16
valid,pytest-conftest-blocking,cherry_pick,4,2,16,16,True,16
valid,pytest-conftest-blocking,cherry_pick,8,0,16,16,True,16
valid,pytest-conftest-blocking,cherry_pick,8,1,16,16,True,16
valid,pytest-conftest-blocking,cherry_pick,8,2,16,16,True,16
valid,pytest-conftest-blocking,cherry_pick,16,0,16,16,True,16
valid,pytest-conftest-blocking,cherry_pick,16,1,16,16,True,16
valid,pytest-conftest-blocking,cherry_pick,16,2,16,16,True,16
valid,pytest-conftest-blocking,fork,0,0,16,16,True,16
valid,pytest-conftest-blocking,fork,0,1,16,16,True,16
valid,pytest-conftest-blocking,fork,0,2,16,16,True,16
valid,pytest-conftest-blocking,fork,1,0,16,16,True,16
valid,pytest-conftest-blocking,fork,1,1,16,16,True,16
valid,pytest-conftest-blocking,fork,1,2,16,16,True,16
valid,pytest-conftest-blocking,fork,2,0,16,16,True,16
valid,pytest-conftest-blocking,fork,2,1,16,16,True,16
valid,pytest-conftest-blocking,fork,2,2,16,16,True,16
valid,pytest-conftest-blocking,fork,4,0,16,16,True,16
valid,pytest-conftest-blocking,fork,4,1,16,16,True,16
valid,pytest-conftest-blocking,fork,4,2,16,16,True,16
valid,pytest-conftest-blocking,fork,8,0,16,16,True,16
valid,pytest-conftest-blocking,fork,8,1,16,16,True,16
valid,pytest-conftest-blocking,fork,8,2,16,16,True,16
valid,pytest-conftest-blocking,fork,16,0,16,16,True,16
valid,pytest-conftest-blocking,fork,16,1,16,16,True,16
valid,pytest-conftest-blocking,fork,16,2,16,16,True,16
valid,pytest-conftest-blocking,squash,0,0,16,16,True,16
valid,pytest-conftest-blocking,squash,0,1,16,16,True,16
valid,pytest-conftest-blocking,squash,0,2,16,16,True,16
valid,pytest-conftest-blocking,squash,1,0,16,16,True,16
valid,pytest-conftest-blocking,squash,1,1,16,16,True,16
valid,pytest-conftest-blocking,squash,1,2,16,16,True,16
valid,pytest-conftest-blocking,squash,2,0,16,16,True,16
valid,pytest-conftest-blocking,squash,2,1,16,16,True,16
valid,pytest-conftest-blocking,squash,2,2,16,16,True,16
valid,pytest-conftest-blocking,squash,4,0,16,16,True,16
valid,pytest-conftest-blocking,squash,4,1,16,16,True,16
valid,pytest-conftest-blocking,squash,4,2,16,16,True,16
valid,pytest-conftest-blocking,squash,8,0,16,16,True,16
valid,pytest-conftest-blocking,squash,8,1,16,16,True,16
valid,pytest-conftest-blocking,squash,8,2,16,16,True,16
valid,pytest-conftest-blocking,squash,16,0,16,16,True,16
valid,pytest-conftest-blocking,squash,16,1,16,16,True,16
valid,pytest-conftest-blocking,squash,16,2,16,16,True,16
valid,pytest-conftest-blocking,revert,0,0,16,16,True,16
valid,pytest-conftest-blocking,revert,0,1,16,16,True,16
valid,pytest-conftest-blocking,revert,0,2,16,16,True,16
valid,pytest-conftest-blocking,revert,1,0,16,16,True,16
valid,pytest-conftest-blocking,revert,1,1,16,16,True,16
valid,pytest-conftest-blocking,revert,1,2,16,16,True,16
valid,pytest-conftest-blocking,revert,2,0,16,16,True,16
valid,pytest-conftest-blocking,revert,2,1,16,16,True,16
valid,pytest-conftest-blocking,revert,2,2,16,16,True,16
valid,pytest-conftest-blocking,revert,4,0,16,16,True,16
valid,pytest-conftest-blocking,revert,4,1,16,16,True,16
valid,pytest-conftest-blocking,revert,4,2,16,16,True,16
valid,pytest-conftest-blocking,revert,8,0,16,16,True,16
valid,pytest-conftest-blocking,revert,8,1,16,16,True,16
valid,pytest-conftest-blocking,revert,8,2,16,16,True,16
valid,pytest-conftest-blocking,revert,16,0,16,16,True,16
valid,pytest-conftest-blocking,revert,16,1,16,16,True,16
valid,pytest-conftest-blocking,revert,16,2,16,16,True,16
invalid,pytest-conftest-blocking,missing-transform-output,,0,16,16,False,16
invalid,pytest-conftest-blocking,conflicting-presentation,,0,16,16,False,16
invalid,pytest-conftest-blocking,unresolved-effect,,0,16,16,False,16
invalid,pytest-conftest-blocking,conflicting-event,,0,16,16,False,16
invalid,pytest-conftest-blocking,invalid-transform,,0,16,16,False,16
invalid,pytest-conftest-blocking,missing-transform-output,,1,17,17,False,17
invalid,pytest-conftest-blocking,conflicting-presentation,,1,17,17,False,17
invalid,pytest-conftest-blocking,unresolved-effect,,1,17,17,False,17
invalid,pytest-conftest-blocking,conflicting-event,,1,17,17,False,17
invalid,pytest-conftest-blocking,invalid-transform,,1,17,17,False,17
invalid,pytest-conftest-blocking,missing-transform-output,,2,18,18,False,18
invalid,pytest-conftest-blocking,conflicting-presentation,,2,18,18,False,18
invalid,pytest-conftest-blocking,unresolved-effect,,2,18,18,False,18
invalid,pytest-conftest-blocking,conflicting-event,,2,18,18,False,18
invalid,pytest-conftest-blocking,invalid-transform,,2,18,18,False,18
invalid,pytest-conftest-blocking,missing-transform-output,,3,19,19,False,19
invalid,pytest-conftest-blocking,conflicting-presentation,,3,19,19,False,19
invalid,pytest-conftest-blocking,unresolved-effect,,3,19,19,False,19
invalid,pytest-conftest-blocking,conflicting-event,,3,19,19,False,19
invalid,pytest-conftest-blocking,invalid-transform,,3,19,19,False,19
invalid,pytest-conftest-blocking,missing-transform-output,,4,20,20,False,20
invalid,pytest-conftest-blocking,conflicting-presentation,,4,20,20,False,20
invalid,pytest-conftest-blocking,unresolved-effect,,4,20,20,False,20
invalid,pytest-conftest-blocking,conflicting-event,,4,20,20,False,20
invalid,pytest-conftest-blocking,invalid-transform,,4,20,20,False,20
invalid,pytest-conftest-blocking,missing-transform-output,,5,21,21,False,21
invalid,pytest-conftest-blocking,conflicting-presentation,,5,21,21,False,21
invalid,pytest-conftest-blocking,unresolved-effect,,5,21,21,False,21
invalid,pytest-conftest-blocking,conflicting-event,,5,21,21,False,21
invalid,pytest-conftest-blocking,invalid-transform,,5,21,21,False,21
invalid,pytest-conftest-blocking,missing-transform-output,,6,22,22,False,22
invalid,pytest-conftest-blocking,conflicting-presentation,,6,22,22,False,22
invalid,pytest-conftest-blocking,unresolved-effect,,6,22,22,False,22
invalid,pytest-conftest-blocking,conflicting-event,,6,22,22,False,22
invalid,pytest-conftest-blocking,invalid-transform,,6,22,22,False,22
invalid,pytest-conftest-blocking,missing-transform-output,,7,23,23,False,23
invalid,pytest-conftest-blocking,conflicting-presentation,,7,23,23,False,23
invalid,pytest-conftest-blocking,unresolved-effect,,7,23,23,False,23
invalid,pytest-conftest-blocking,conflicting-event,,7,23,23,False,23
invalid,pytest-conftest-blocking,invalid-transform,,7,23,23,False,23
invalid,pytest-conftest-blocking,missing-transform-output,,8,24,24,False,24
invalid,pytest-conftest-blocking,conflicting-presentation,,8,24,24,False,24
invalid,pytest-conftest-blocking,unresolved-effect,,8,24,24,False,24
invalid,pytest-conftest-blocking,conflicting-event,,8,24,24,False,24
invalid,pytest-conftest-blocking,invalid-transform,,8,24,24,False,24
invalid,pytest-conftest-blocking,missing-transform-output,,9,25,25,False,25
invalid,pytest-conftest-blocking,conflicting-presentation,,9,25,25,False,25
invalid,pytest-conftest-blocking,unresolved-effect,,9,25,25,False,25
invalid,pytest-conftest-blocking,conflicting-event,,9,25,25,False,25
invalid,pytest-conftest-blocking,invalid-transform,,9,25,25,False,25
valid,requests-pytest-compatibility,rebase,0,0,4,4,True,4
valid,requests-pytest-compatibility,rebase,0,1,4,4,True,4
valid,requests-pytest-compatibility,rebase,0,2,4,4,True,4
valid,requests-pytest-compatibility,rebase,1,0,4,4,True,4
valid,requests-pytest-compatibility,rebase,1,1,4,4,True,4
valid,requests-pytest-compatibility,rebase,1,2,4,4,True,4
valid,requests-pytest-compatibility,rebase,2,0,4,4,True,4
valid,requests-pytest-compatibility,rebase,2,1,4,4,True,4
valid,requests-pytest-compatibility,rebase,2,2,4,4,True,4
valid,requests-pytest-compatibility,rebase,4,0,4,4,True,4
valid,requests-pytest-compatibility,rebase,4,1,4,4,True,4
valid,requests-pytest-compatibility,rebase,4,2,4,4,True,4
valid,requests-pytest-compatibility,rebase,8,0,4,4,True,4
valid,requests-pytest-compatibility,rebase,8,1,4,4,True,4
valid,requests-pytest-compatibility,rebase,8,2,4,4,True,4
valid,requests-pytest-compatibility,rebase,16,0,4,4,True,4
valid,requests-pytest-compatibility,rebase,16,1,4,4,True,4
valid,requests-pytest-compatibility,rebase,16,2,4,4,True,4
valid,requests-pytest-compatibility,cherry_pick,0,0,4,4,True,4
valid,requests-pytest-compatibility,cherry_pick,0,1,4,4,True,4
valid,requests-pytest-compatibility,cherry_pick,0,2,4,4,True,4
valid,requests-pytest-compatibility,cherry_pick,1,0,4,4,True,4
valid,requests-pytest-compatibility,cherry_pick,1,1,4,4,True,4
valid,requests-pytest-compatibility,cherry_pick,1,2,4,4,True,4
valid,requests-pytest-compatibility,cherry_pick,2,0,4,4,True,4
valid,requests-pytest-compatibility,cherry_pick,2,1,4,4,True,4
valid,requests-pytest-compatibility,cherry_pick,2,2,4,4,True,4
valid,requests-pytest-compatibility,cherry_pick,4,0,4,4,True,4
valid,requests-pytest-compatibility,cherry_pick,4,1,4,4,True,4
valid,requests-pytest-compatibility,cherry_pick,4,2,4,4,True,4
valid,requests-pytest-compatibility,cherry_pick,8,0,4,4,True,4
valid,requests-pytest-compatibility,cherry_pick,8,1,4,4,True,4
valid,requests-pytest-compatibility,cherry_pick,8,2,4,4,True,4
valid,requests-pytest-compatibility,cherry_pick,16,0,4,4,True,4
valid,requests-pytest-compatibility,cherry_pick,16,1,4,4,True,4
valid,requests-pytest-compatibility,cherry_pick,16,2,4,4,True,4
valid,requests-pytest-compatibility,fork,0,0,4,4,True,4
valid,requests-pytest-compatibility,fork,0,1,4,4,True,4
valid,requests-pytest-compatibility,fork,0,2,4,4,True,4
valid,requests-pytest-compatibility,fork,1,0,4,4,True,4
valid,requests-pytest-compatibility,fork,1,1,4,4,True,4
valid,requests-pytest-compatibility,fork,1,2,4,4,True,4
valid,requests-pytest-compatibility,fork,2,0,4,4,True,4
valid,requests-pytest-compatibility,fork,2,1,4,4,True,4
valid,requests-pytest-compatibility,fork,2,2,4,4,True,4
valid,requests-pytest-compatibility,fork,4,0,4,4,True,4
valid,requests-pytest-compatibility,fork,4,1,4,4,True,4
valid,requests-pytest-compatibility,fork,4,2,4,4,True,4
valid,requests-pytest-compatibility,fork,8,0,4,4,True,4
valid,requests-pytest-compatibility,fork,8,1,4,4,True,4
valid,requests-pytest-compatibility,fork,8,2,4,4,True,4
valid,requests-pytest-compatibility,fork,16,0,4,4,True,4
valid,requests-pytest-compatibility,fork,16,1,4,4,True,4
valid,requests-pytest-compatibility,fork,16,2,4,4,True,4
valid,requests-pytest-compatibility,squash,0,0,4,4,True,4
valid,requests-pytest-compatibility,squash,0,1,4,4,True,4
valid,requests-pytest-compatibility,squash,0,2,4,4,True,4
valid,requests-pytest-compatibility,squash,1,0,4,4,True,4
valid,requests-pytest-compatibility,squash,1,1,4,4,True,4
valid,requests-pytest-compatibility,squash,1,2,4,4,True,4
valid,requests-pytest-compatibility,squash,2,0,4,4,True,4
valid,requests-pytest-compatibility,squash,2,1,4,4,True,4
valid,requests-pytest-compatibility,squash,2,2,4,4,True,4
valid,requests-pytest-compatibility,squash,4,0,4,4,True,4
valid,requests-pytest-compatibility,squash,4,1,4,4,True,4
valid,requests-pytest-compatibility,squash,4,2,4,4,True,4
valid,requests-pytest-compatibility,squash,8,0,4,4,True,4
valid,requests-pytest-compatibility,squash,8,1,4,4,True,4
valid,requests-pytest-compatibility,squash,8,2,4,4,True,4
valid,requests-pytest-compatibility,squash,16,0,4,4,True,4
valid,requests-pytest-compatibility,squash,16,1,4,4,True,4
valid,requests-pytest-compatibility,squash,16,2,4,4,True,4
valid,requests-pytest-compatibility,revert,0,0,4,4,True,4
valid,requests-pytest-compatibility,revert,0,1,4,4,True,4
valid,requests-pytest-compatibility,revert,0,2,4,4,True,4
valid,requests-pytest-compatibility,revert,1,0,4,4,True,4
valid,requests-pytest-compatibility,revert,1,1,4,4,True,4
valid,requests-pytest-compatibility,revert,1,2,4,4,True,4
valid,requests-pytest-compatibility,revert,2,0,4,4,True,4
valid,requests-pytest-compatibility,revert,2,1,4,4,True,4
valid,requests-pytest-compatibility,revert,2,2,4,4,True,4
valid,requests-pytest-compatibility,revert,4,0,4,4,True,4
valid,requests-pytest-compatibility,revert,4,1,4,4,True,4
valid,requests-pytest-compatibility,revert,4,2,4,4,True,4
valid,requests-pytest-compatibility,revert,8,0,4,4,True,4
valid,requests-pytest-compatibility,revert,8,1,4,4,True,4
valid,requests-pytest-compatibility,revert,8,2,4,4,True,4
valid,requests-pytest-compatibility,revert,16,0,4,4,True,4
valid,requests-pytest-compatibility,revert,16,1,4,4,True,4
valid,requests-pytest-compatibility,revert,16,2,4,4,True,4
invalid,requests-pytest-compatibility,missing-transform-output,,0,4,4,False,4
invalid,requests-pytest-compatibility,conflicting-presentation,,0,4,4,False,4
invalid,requests-pytest-compatibility,unresolved-effect,,0,4,4,False,4
invalid,requests-pytest-compatibility,conflicting-event,,0,4,4,False,4
invalid,requests-pytest-compatibility,invalid-transform,,0,4,4,False,4
invalid,requests-pytest-compatibility,missing-transform-output,,1,5,5,False,5
invalid,requests-pytest-compatibility,conflicting-presentation,,1,5,5,False,5
invalid,requests-pytest-compatibility,unresolved-effect,,1,5,5,False,5
invalid,requests-pytest-compatibility,conflicting-event,,1,5,5,False,5
invalid,requests-pytest-compatibility,invalid-transform,,1,5,5,False,5
invalid,requests-pytest-compatibility,missing-transform-output,,2,6,6,False,6
invalid,requests-pytest-compatibility,conflicting-presentation,,2,6,6,False,6
invalid,requests-pytest-compatibility,unresolved-effect,,2,6,6,False,6
invalid,requests-pytest-compatibility,conflicting-event,,2,6,6,False,6
invalid,requests-pytest-compatibility,invalid-transform,,2,6,6,False,6
invalid,requests-pytest-compatibility,missing-transform-output,,3,7,7,False,7
invalid,requests-pytest-compatibility,conflicting-presentation,,3,7,7,False,7
invalid,requests-pytest-compatibility,unresolved-effect,,3,7,7,False,7
invalid,requests-pytest-compatibility,conflicting-event,,3,7,7,False,7
invalid,requests-pytest-compatibility,invalid-transform,,3,7,7,False,7
invalid,requests-pytest-compatibility,missing-transform-output,,4,8,8,False,8
invalid,requests-pytest-compatibility,conflicting-presentation,,4,8,8,False,8
invalid,requests-pytest-compatibility,unresolved-effect,,4,8,8,False,8
invalid,requests-pytest-compatibility,conflicting-event,,4,8,8,False,8
invalid,requests-pytest-compatibility,invalid-transform,,4,8,8,False,8
invalid,requests-pytest-compatibility,missing-transform-output,,5,9,9,False,9
invalid,requests-pytest-compatibility,conflicting-presentation,,5,9,9,False,9
invalid,requests-pytest-compatibility,unresolved-effect,,5,9,9,False,9
invalid,requests-pytest-compatibility,conflicting-event,,5,9,9,False,9
invalid,requests-pytest-compatibility,invalid-transform,,5,9,9,False,9
invalid,requests-pytest-compatibility,missing-transform-output,,6,10,10,False,10
invalid,requests-pytest-compatibility,conflicting-presentation,,6,10,10,False,10
invalid,requests-pytest-compatibility,unresolved-effect,,6,10,10,False,10
invalid,requests-pytest-compatibility,conflicting-event,,6,10,10,False,10
invalid,requests-pytest-compatibility,invalid-transform,,6,10,10,False,10
invalid,requests-pytest-compatibility,missing-transform-output,,7,11,11,False,11
invalid,requests-pytest-compatibility,conflicting-presentation,,7,11,11,False,11
invalid,requests-pytest-compatibility,unresolved-effect,,7,11,11,False,11
invalid,requests-pytest-compatibility,conflicting-event,,7,11,11,False,11
invalid,requests-pytest-compatibility,invalid-transform,,7,11,11,False,11
invalid,requests-pytest-compatibility,missing-transform-output,,8,12,12,False,12
invalid,requests-pytest-compatibility,conflicting-presentation,,8,12,12,False,12
invalid,requests-pytest-compatibility,unresolved-effect,,8,12,12,False,12
invalid,requests-pytest-compatibility,conflicting-event,,8,12,12,False,12
invalid,requests-pytest-compatibility,invalid-transform,,8,12,12,False,12
invalid,requests-pytest-compatibility,missing-transform-output,,9,13,13,False,13
invalid,requests-pytest-compatibility,conflicting-presentation,,9,13,13,False,13
invalid,requests-pytest-compatibility,unresolved-effect,,9,13,13,False,13
invalid,requests-pytest-compatibility,conflicting-event,,9,13,13,False,13
invalid,requests-pytest-compatibility,invalid-transform,,9,13,13,False,13
valid,httpx-client-certificate-path,rebase,0,0,11,11,True,11
valid,httpx-client-certificate-path,rebase,0,1,11,11,True,11
valid,httpx-client-certificate-path,rebase,0,2,11,11,True,11
valid,httpx-client-certificate-path,rebase,1,0,11,11,True,11
valid,httpx-client-certificate-path,rebase,1,1,11,11,True,11
valid,httpx-client-certificate-path,rebase,1,2,11,11,True,11
valid,httpx-client-certificate-path,rebase,2,0,11,11,True,11
valid,httpx-client-certificate-path,rebase,2,1,11,11,True,11
valid,httpx-client-certificate-path,rebase,2,2,11,11,True,11
valid,httpx-client-certificate-path,rebase,4,0,11,11,True,11
valid,httpx-client-certificate-path,rebase,4,1,11,11,True,11
valid,httpx-client-certificate-path,rebase,4,2,11,11,True,11
valid,httpx-client-certificate-path,rebase,8,0,11,11,True,11
valid,httpx-client-certificate-path,rebase,8,1,11,11,True,11
valid,httpx-client-certificate-path,rebase,8,2,11,11,True,11
valid,httpx-client-certificate-path,rebase,16,0,11,11,True,11
valid,httpx-client-certificate-path,rebase,16,1,11,11,True,11
valid,httpx-client-certificate-path,rebase,16,2,11,11,True,11
valid,httpx-client-certificate-path,cherry_pick,0,0,11,11,True,11
valid,httpx-client-certificate-path,cherry_pick,0,1,11,11,True,11
valid,httpx-client-certificate-path,cherry_pick,0,2,11,11,True,11
valid,httpx-client-certificate-path,cherry_pick,1,0,11,11,True,11
valid,httpx-client-certificate-path,cherry_pick,1,1,11,11,True,11
valid,httpx-client-certificate-path,cherry_pick,1,2,11,11,True,11
valid,httpx-client-certificate-path,cherry_pick,2,0,11,11,True,11
valid,httpx-client-certificate-path,cherry_pick,2,1,11,11,True,11
valid,httpx-client-certificate-path,cherry_pick,2,2,11,11,True,11
valid,httpx-client-certificate-path,cherry_pick,4,0,11,11,True,11
valid,httpx-client-certificate-path,cherry_pick,4,1,11,11,True,11
valid,httpx-client-certificate-path,cherry_pick,4,2,11,11,True,11
valid,httpx-client-certificate-path,cherry_pick,8,0,11,11,True,11
valid,httpx-client-certificate-path,cherry_pick,8,1,11,11,True,11
valid,httpx-client-certificate-path,cherry_pick,8,2,11,11,True,11
valid,httpx-client-certificate-path,cherry_pick,16,0,11,11,True,11
valid,httpx-client-certificate-path,cherry_pick,16,1,11,11,True,11
valid,httpx-client-certificate-path,cherry_pick,16,2,11,11,True,11
valid,httpx-client-certificate-path,fork,0,0,11,11,True,11
valid,httpx-client-certificate-path,fork,0,1,11,11,True,11
valid,httpx-client-certificate-path,fork,0,2,11,11,True,11
valid,httpx-client-certificate-path,fork,1,0,11,11,True,11
valid,httpx-client-certificate-path,fork,1,1,11,11,True,11
valid,httpx-client-certificate-path,fork,1,2,11,11,True,11
valid,httpx-client-certificate-path,fork,2,0,11,11,True,11
valid,httpx-client-certificate-path,fork,2,1,11,11,True,11
valid,httpx-client-certificate-path,fork,2,2,11,11,True,11
valid,httpx-client-certificate-path,fork,4,0,11,11,True,11
valid,httpx-client-certificate-path,fork,4,1,11,11,True,11
valid,httpx-client-certificate-path,fork,4,2,11,11,True,11
valid,httpx-client-certificate-path,fork,8,0,11,11,True,11
valid,httpx-client-certificate-path,fork,8,1,11,11,True,11
valid,httpx-client-certificate-path,fork,8,2,11,11,True,11
valid,httpx-client-certificate-path,fork,16,0,11,11,True,11
valid,httpx-client-certificate-path,fork,16,1,11,11,True,11
valid,httpx-client-certificate-path,fork,16,2,11,11,True,11
valid,httpx-client-certificate-path,squash,0,0,11,11,True,11
valid,httpx-client-certificate-path,squash,0,1,11,11,True,11
valid,httpx-client-certificate-path,squash,0,2,11,11,True,11
valid,httpx-client-certificate-path,squash,1,0,11,11,True,11
valid,httpx-client-certificate-path,squash,1,1,11,11,True,11
valid,httpx-client-certificate-path,squash,1,2,11,11,True,11
valid,httpx-client-certificate-path,squash,2,0,11,11,True,11
valid,httpx-client-certificate-path,squash,2,1,11,11,True,11
valid,httpx-client-certificate-path,squash,2,2,11,11,True,11
valid,httpx-client-certificate-path,squash,4,0,11,11,True,11
valid,httpx-client-certificate-path,squash,4,1,11,11,True,11
valid,httpx-client-certificate-path,squash,4,2,11,11,True,11
valid,httpx-client-certificate-path,squash,8,0,11,11,True,11
valid,httpx-client-certificate-path,squash,8,1,11,11,True,11
valid,httpx-client-certificate-path,squash,8,2,11,11,True,11
valid,httpx-client-certificate-path,squash,16,0,11,11,True,11
valid,httpx-client-certificate-path,squash,16,1,11,11,True,11
valid,httpx-client-certificate-path,squash,16,2,11,11,True,11
valid,httpx-client-certificate-path,revert,0,0,11,11,True,11
valid,httpx-client-certificate-path,revert,0,1,11,11,True,11
valid,httpx-client-certificate-path,revert,0,2,11,11,True,11
valid,httpx-client-certificate-path,revert,1,0,11,11,True,11
valid,httpx-client-certificate-path,revert,1,1,11,11,True,11
valid,httpx-client-certificate-path,revert,1,2,11,11,True,11
valid,httpx-client-certificate-path,revert,2,0,11,11,True,11
valid,httpx-client-certificate-path,revert,2,1,11,11,True,11
valid,httpx-client-certificate-path,revert,2,2,11,11,True,11
valid,httpx-client-certificate-path,revert,4,0,11,11,True,11
valid,httpx-client-certificate-path,revert,4,1,11,11,True,11
valid,httpx-client-certificate-path,revert,4,2,11,11,True,11
valid,httpx-client-certificate-path,revert,8,0,11,11,True,11
valid,httpx-client-certificate-path,revert,8,1,11,11,True,11
valid,httpx-client-certificate-path,revert,8,2,11,11,True,11
valid,httpx-client-certificate-path,revert,16,0,11,11,True,11
valid,httpx-client-certificate-path,revert,16,1,11,11,True,11
valid,httpx-client-certificate-path,revert,16,2,11,11,True,11
invalid,httpx-client-certificate-path,missing-transform-output,,0,11,11,False,11
invalid,httpx-client-certificate-path,conflicting-presentation,,0,11,11,False,11
invalid,httpx-client-certificate-path,unresolved-effect,,0,11,11,False,11
invalid,httpx-client-certificate-path,conflicting-event,,0,11,11,False,11
invalid,httpx-client-certificate-path,invalid-transform,,0,11,11,False,11
invalid,httpx-client-certificate-path,missing-transform-output,,1,12,12,False,12
invalid,httpx-client-certificate-path,conflicting-presentation,,1,12,12,False,12
invalid,httpx-client-certificate-path,unresolved-effect,,1,12,12,False,12
invalid,httpx-client-certificate-path,conflicting-event,,1,12,12,False,12
invalid,httpx-client-certificate-path,invalid-transform,,1,12,12,False,12
invalid,httpx-client-certificate-path,missing-transform-output,,2,13,13,False,13
invalid,httpx-client-certificate-path,conflicting-presentation,,2,13,13,False,13
invalid,httpx-client-certificate-path,unresolved-effect,,2,13,13,False,13
invalid,httpx-client-certificate-path,conflicting-event,,2,13,13,False,13
invalid,httpx-client-certificate-path,invalid-transform,,2,13,13,False,13
invalid,httpx-client-certificate-path,missing-transform-output,,3,14,14,False,14
invalid,httpx-client-certificate-path,conflicting-presentation,,3,14,14,False,14
invalid,httpx-client-certificate-path,unresolved-effect,,3,14,14,False,14
invalid,httpx-client-certificate-path,conflicting-event,,3,14,14,False,14
invalid,httpx-client-certificate-path,invalid-transform,,3,14,14,False,14
invalid,httpx-client-certificate-path,missing-transform-output,,4,15,15,False,15
invalid,httpx-client-certificate-path,conflicting-presentation,,4,15,15,False,15
invalid,httpx-client-certificate-path,unresolved-effect,,4,15,15,False,15
invalid,httpx-client-certificate-path,conflicting-event,,4,15,15,False,15
invalid,httpx-client-certificate-path,invalid-transform,,4,15,15,False,15
invalid,httpx-client-certificate-path,missing-transform-output,,5,16,16,False,16
invalid,httpx-client-certificate-path,conflicting-presentation,,5,16,16,False,16
invalid,httpx-client-certificate-path,unresolved-effect,,5,16,16,False,16
invalid,httpx-client-certificate-path,conflicting-event,,5,16,16,False,16
invalid,httpx-client-certificate-path,invalid-transform,,5,16,16,False,16
invalid,httpx-client-certificate-path,missing-transform-output,,6,17,17,False,17
invalid,httpx-client-certificate-path,conflicting-presentation,,6,17,17,False,17
invalid,httpx-client-certificate-path,unresolved-effect,,6,17,17,False,17
invalid,httpx-client-certificate-path,conflicting-event,,6,17,17,False,17
invalid,httpx-client-certificate-path,invalid-transform,,6,17,17,False,17
invalid,httpx-client-certificate-path,missing-transform-output,,7,18,18,False,18
invalid,httpx-client-certificate-path,conflicting-presentation,,7,18,18,False,18
invalid,httpx-client-certificate-path,unresolved-effect,,7,18,18,False,18
invalid,httpx-client-certificate-path,conflicting-event,,7,18,18,False,18
invalid,httpx-client-certificate-path,invalid-transform,,7,18,18,False,18
invalid,httpx-client-certificate-path,missing-transform-output,,8,19,19,False,19
invalid,httpx-client-certificate-path,conflicting-presentation,,8,19,19,False,19
invalid,httpx-client-certificate-path,unresolved-effect,,8,19,19,False,19
invalid,httpx-client-certificate-path,conflicting-event,,8,19,19,False,19
invalid,httpx-client-certificate-path,invalid-transform,,8,19,19,False,19
invalid,httpx-client-certificate-path,missing-transform-output,,9,20,20,False,20
invalid,httpx-client-certificate-path,conflicting-presentation,,9,20,20,False,20
invalid,httpx-client-certificate-path,unresolved-effect,,9,20,20,False,20
invalid,httpx-client-certificate-path,conflicting-event,,9,20,20,False,20
invalid,httpx-client-certificate-path,invalid-transform,,9,20,20,False,20
valid,django-reverse-test-sequence,rebase,0,0,4,4,True,4
valid,django-reverse-test-sequence,rebase,0,1,4,4,True,4
valid,django-reverse-test-sequence,rebase,0,2,4,4,True,4
valid,django-reverse-test-sequence,rebase,1,0,4,4,True,4
valid,django-reverse-test-sequence,rebase,1,1,4,4,True,4
valid,django-reverse-test-sequence,rebase,1,2,4,4,True,4
valid,django-reverse-test-sequence,rebase,2,0,4,4,True,4
valid,django-reverse-test-sequence,rebase,2,1,4,4,True,4
valid,django-reverse-test-sequence,rebase,2,2,4,4,True,4
valid,django-reverse-test-sequence,rebase,4,0,4,4,True,4
valid,django-reverse-test-sequence,rebase,4,1,4,4,True,4
valid,django-reverse-test-sequence,rebase,4,2,4,4,True,4
valid,django-reverse-test-sequence,rebase,8,0,4,4,True,4
valid,django-reverse-test-sequence,rebase,8,1,4,4,True,4
valid,django-reverse-test-sequence,rebase,8,2,4,4,True,4
valid,django-reverse-test-sequence,rebase,16,0,4,4,True,4
valid,django-reverse-test-sequence,rebase,16,1,4,4,True,4
valid,django-reverse-test-sequence,rebase,16,2,4,4,True,4
valid,django-reverse-test-sequence,cherry_pick,0,0,4,4,True,4
valid,django-reverse-test-sequence,cherry_pick,0,1,4,4,True,4
valid,django-reverse-test-sequence,cherry_pick,0,2,4,4,True,4
valid,django-reverse-test-sequence,cherry_pick,1,0,4,4,True,4
valid,django-reverse-test-sequence,cherry_pick,1,1,4,4,True,4
valid,django-reverse-test-sequence,cherry_pick,1,2,4,4,True,4
valid,django-reverse-test-sequence,cherry_pick,2,0,4,4,True,4
valid,django-reverse-test-sequence,cherry_pick,2,1,4,4,True,4
valid,django-reverse-test-sequence,cherry_pick,2,2,4,4,True,4
valid,django-reverse-test-sequence,cherry_pick,4,0,4,4,True,4
valid,django-reverse-test-sequence,cherry_pick,4,1,4,4,True,4
valid,django-reverse-test-sequence,cherry_pick,4,2,4,4,True,4
valid,django-reverse-test-sequence,cherry_pick,8,0,4,4,True,4
valid,django-reverse-test-sequence,cherry_pick,8,1,4,4,True,4
valid,django-reverse-test-sequence,cherry_pick,8,2,4,4,True,4
valid,django-reverse-test-sequence,cherry_pick,16,0,4,4,True,4
valid,django-reverse-test-sequence,cherry_pick,16,1,4,4,True,4
valid,django-reverse-test-sequence,cherry_pick,16,2,4,4,True,4
valid,django-reverse-test-sequence,fork,0,0,4,4,True,4
valid,django-reverse-test-sequence,fork,0,1,4,4,True,4
valid,django-reverse-test-sequence,fork,0,2,4,4,True,4
valid,django-reverse-test-sequence,fork,1,0,4,4,True,4
valid,django-reverse-test-sequence,fork,1,1,4,4,True,4
valid,django-reverse-test-sequence,fork,1,2,4,4,True,4
valid,django-reverse-test-sequence,fork,2,0,4,4,True,4
valid,django-reverse-test-sequence,fork,2,1,4,4,True,4
valid,django-reverse-test-sequence,fork,2,2,4,4,True,4
valid,django-reverse-test-sequence,fork,4,0,4,4,True,4
valid,django-reverse-test-sequence,fork,4,1,4,4,True,4
valid,django-reverse-test-sequence,fork,4,2,4,4,True,4
valid,django-reverse-test-sequence,fork,8,0,4,4,True,4
valid,django-reverse-test-sequence,fork,8,1,4,4,True,4
valid,django-reverse-test-sequence,fork,8,2,4,4,True,4
valid,django-reverse-test-sequence,fork,16,0,4,4,True,4
valid,django-reverse-test-sequence,fork,16,1,4,4,True,4
valid,django-reverse-test-sequence,fork,16,2,4,4,True,4
valid,django-reverse-test-sequence,squash,0,0,4,4,True,4
valid,django-reverse-test-sequence,squash,0,1,4,4,True,4
valid,django-reverse-test-sequence,squash,0,2,4,4,True,4
valid,django-reverse-test-sequence,squash,1,0,4,4,True,4
valid,django-reverse-test-sequence,squash,1,1,4,4,True,4
valid,django-reverse-test-sequence,squash,1,2,4,4,True,4
valid,django-reverse-test-sequence,squash,2,0,4,4,True,4
valid,django-reverse-test-sequence,squash,2,1,4,4,True,4
valid,django-reverse-test-sequence,squash,2,2,4,4,True,4
valid,django-reverse-test-sequence,squash,4,0,4,4,True,4
valid,django-reverse-test-sequence,squash,4,1,4,4,True,4
valid,django-reverse-test-sequence,squash,4,2,4,4,True,4
valid,django-reverse-test-sequence,squash,8,0,4,4,True,4
valid,django-reverse-test-sequence,squash,8,1,4,4,True,4
valid,django-reverse-test-sequence,squash,8,2,4,4,True,4
valid,django-reverse-test-sequence,squash,16,0,4,4,True,4
valid,django-reverse-test-sequence,squash,16,1,4,4,True,4
valid,django-reverse-test-sequence,squash,16,2,4,4,True,4
valid,django-reverse-test-sequence,revert,0,0,4,4,True,4
valid,django-reverse-test-sequence,revert,0,1,4,4,True,4
valid,django-reverse-test-sequence,revert,0,2,4,4,True,4
valid,django-reverse-test-sequence,revert,1,0,4,4,True,4
valid,django-reverse-test-sequence,revert,1,1,4,4,True,4
valid,django-reverse-test-sequence,revert,1,2,4,4,True,4
valid,django-reverse-test-sequence,revert,2,0,4,4,True,4
valid,django-reverse-test-sequence,revert,2,1,4,4,True,4
valid,django-reverse-test-sequence,revert,2,2,4,4,True,4
valid,django-reverse-test-sequence,revert,4,0,4,4,True,4
valid,django-reverse-test-sequence,revert,4,1,4,4,True,4
valid,django-reverse-test-sequence,revert,4,2,4,4,True,4
valid,django-reverse-test-sequence,revert,8,0,4,4,True,4
valid,django-reverse-test-sequence,revert,8,1,4,4,True,4
valid,django-reverse-test-sequence,revert,8,2,4,4,True,4
valid,django-reverse-test-sequence,revert,16,0,4,4,True,4
valid,django-reverse-test-sequence,revert,16,1,4,4,True,4
valid,django-reverse-test-sequence,revert,16,2,4,4,True,4
invalid,django-reverse-test-sequence,missing-transform-output,,0,4,4,False,4
invalid,django-reverse-test-sequence,conflicting-presentation,,0,4,4,False,4
invalid,django-reverse-test-sequence,unresolved-effect,,0,4,4,False,4
invalid,django-reverse-test-sequence,conflicting-event,,0,4,4,False,4
invalid,django-reverse-test-sequence,invalid-transform,,0,4,4,False,4
invalid,django-reverse-test-sequence,missing-transform-output,,1,4,4,False,4
invalid,django-reverse-test-sequence,conflicting-presentation,,1,4,4,False,4
invalid,django-reverse-test-sequence,unresolved-effect,,1,4,4,False,4
invalid,django-reverse-test-sequence,conflicting-event,,1,4,4,False,4
invalid,django-reverse-test-sequence,invalid-transform,,1,4,4,False,4
invalid,django-reverse-test-sequence,missing-transform-output,,2,4,4,False,4
invalid,django-reverse-test-sequence,conflicting-presentation,,2,4,4,False,4
invalid,django-reverse-test-sequence,unresolved-effect,,2,4,4,False,4
invalid,django-reverse-test-sequence,conflicting-event,,2,4,4,False,4
invalid,django-reverse-test-sequence,invalid-transform,,2,4,4,False,4
invalid,django-reverse-test-sequence,missing-transform-output,,3,5,5,False,5
invalid,django-reverse-test-sequence,conflicting-presentation,,3,5,5,False,5
invalid,django-reverse-test-sequence,unresolved-effect,,3,5,5,False,5
invalid,django-reverse-test-sequence,conflicting-event,,3,5,5,False,5
invalid,django-reverse-test-sequence,invalid-transform,,3,5,5,False,5
invalid,django-reverse-test-sequence,missing-transform-output,,4,6,6,False,6
invalid,django-reverse-test-sequence,conflicting-presentation,,4,6,6,False,6
invalid,django-reverse-test-sequence,unresolved-effect,,4,6,6,False,6
invalid,django-reverse-test-sequence,conflicting-event,,4,6,6,False,6
invalid,django-reverse-test-sequence,invalid-transform,,4,6,6,False,6
invalid,django-reverse-test-sequence,missing-transform-output,,5,7,7,False,7
invalid,django-reverse-test-sequence,conflicting-presentation,,5,7,7,False,7
invalid,django-reverse-test-sequence,unresolved-effect,,5,7,7,False,7
invalid,django-reverse-test-sequence,conflicting-event,,5,7,7,False,7
invalid,django-reverse-test-sequence,invalid-transform,,5,7,7,False,7
invalid,django-reverse-test-sequence,missing-transform-output,,6,8,8,False,8
invalid,django-reverse-test-sequence,conflicting-presentation,,6,8,8,False,8
invalid,django-reverse-test-sequence,unresolved-effect,,6,8,8,False,8
invalid,django-reverse-test-sequence,conflicting-event,,6,8,8,False,8
invalid,django-reverse-test-sequence,invalid-transform,,6,8,8,False,8
invalid,django-reverse-test-sequence,missing-transform-output,,7,9,9,False,9
invalid,django-reverse-test-sequence,conflicting-presentation,,7,9,9,False,9
invalid,django-reverse-test-sequence,unresolved-effect,,7,9,9,False,9
invalid,django-reverse-test-sequence,conflicting-event,,7,9,9,False,9
invalid,django-reverse-test-sequence,invalid-transform,,7,9,9,False,9
invalid,django-reverse-test-sequence,missing-transform-output,,8,10,10,False,10
invalid,django-reverse-test-sequence,conflicting-presentation,,8,10,10,False,10
invalid,django-reverse-test-sequence,unresolved-effect,,8,10,10,False,10
invalid,django-reverse-test-sequence,conflicting-event,,8,10,10,False,10
invalid,django-reverse-test-sequence,invalid-transform,,8,10,10,False,10
invalid,django-reverse-test-sequence,missing-transform-output,,9,11,11,False,11
invalid,django-reverse-test-sequence,conflicting-presentation,,9,11,11,False,11
invalid,django-reverse-test-sequence,unresolved-effect,,9,11,11,False,11
invalid,django-reverse-test-sequence,conflicting-event,,9,11,11,False,11
invalid,django-reverse-test-sequence,invalid-transform,,9,11,11,False,11
valid,fastapi-metadata-typo,rebase,0,0,4,4,True,4
valid,fastapi-metadata-typo,rebase,0,1,4,4,True,4
valid,fastapi-metadata-typo,rebase,0,2,4,4,True,4
valid,fastapi-metadata-typo,rebase,1,0,4,4,True,4
valid,fastapi-metadata-typo,rebase,1,1,4,4,True,4
valid,fastapi-metadata-typo,rebase,1,2,4,4,True,4
valid,fastapi-metadata-typo,rebase,2,0,4,4,True,4
valid,fastapi-metadata-typo,rebase,2,1,4,4,True,4
valid,fastapi-metadata-typo,rebase,2,2,4,4,True,4
valid,fastapi-metadata-typo,rebase,4,0,4,4,True,4
valid,fastapi-metadata-typo,rebase,4,1,4,4,True,4
valid,fastapi-metadata-typo,rebase,4,2,4,4,True,4
valid,fastapi-metadata-typo,rebase,8,0,4,4,True,4
valid,fastapi-metadata-typo,rebase,8,1,4,4,True,4
valid,fastapi-metadata-typo,rebase,8,2,4,4,True,4
valid,fastapi-metadata-typo,rebase,16,0,4,4,True,4
valid,fastapi-metadata-typo,rebase,16,1,4,4,True,4
valid,fastapi-metadata-typo,rebase,16,2,4,4,True,4
valid,fastapi-metadata-typo,cherry_pick,0,0,4,4,True,4
valid,fastapi-metadata-typo,cherry_pick,0,1,4,4,True,4
valid,fastapi-metadata-typo,cherry_pick,0,2,4,4,True,4
valid,fastapi-metadata-typo,cherry_pick,1,0,4,4,True,4
valid,fastapi-metadata-typo,cherry_pick,1,1,4,4,True,4
valid,fastapi-metadata-typo,cherry_pick,1,2,4,4,True,4
valid,fastapi-metadata-typo,cherry_pick,2,0,4,4,True,4
valid,fastapi-metadata-typo,cherry_pick,2,1,4,4,True,4
valid,fastapi-metadata-typo,cherry_pick,2,2,4,4,True,4
valid,fastapi-metadata-typo,cherry_pick,4,0,4,4,True,4
valid,fastapi-metadata-typo,cherry_pick,4,1,4,4,True,4
valid,fastapi-metadata-typo,cherry_pick,4,2,4,4,True,4
valid,fastapi-metadata-typo,cherry_pick,8,0,4,4,True,4
valid,fastapi-metadata-typo,cherry_pick,8,1,4,4,True,4
valid,fastapi-metadata-typo,cherry_pick,8,2,4,4,True,4
valid,fastapi-metadata-typo,cherry_pick,16,0,4,4,True,4
valid,fastapi-metadata-typo,cherry_pick,16,1,4,4,True,4
valid,fastapi-metadata-typo,cherry_pick,16,2,4,4,True,4
valid,fastapi-metadata-typo,fork,0,0,4,4,True,4
valid,fastapi-metadata-typo,fork,0,1,4,4,True,4
valid,fastapi-metadata-typo,fork,0,2,4,4,True,4
valid,fastapi-metadata-typo,fork,1,0,4,4,True,4
valid,fastapi-metadata-typo,fork,1,1,4,4,True,4
valid,fastapi-metadata-typo,fork,1,2,4,4,True,4
valid,fastapi-metadata-typo,fork,2,0,4,4,True,4
valid,fastapi-metadata-typo,fork,2,1,4,4,True,4
valid,fastapi-metadata-typo,fork,2,2,4,4,True,4
valid,fastapi-metadata-typo,fork,4,0,4,4,True,4
valid,fastapi-metadata-typo,fork,4,1,4,4,True,4
valid,fastapi-metadata-typo,fork,4,2,4,4,True,4
valid,fastapi-metadata-typo,fork,8,0,4,4,True,4
valid,fastapi-metadata-typo,fork,8,1,4,4,True,4
valid,fastapi-metadata-typo,fork,8,2,4,4,True,4
valid,fastapi-metadata-typo,fork,16,0,4,4,True,4
valid,fastapi-metadata-typo,fork,16,1,4,4,True,4
valid,fastapi-metadata-typo,fork,16,2,4,4,True,4
valid,fastapi-metadata-typo,squash,0,0,4,4,True,4
valid,fastapi-metadata-typo,squash,0,1,4,4,True,4
valid,fastapi-metadata-typo,squash,0,2,4,4,True,4
valid,fastapi-metadata-typo,squash,1,0,4,4,True,4
valid,fastapi-metadata-typo,squash,1,1,4,4,True,4
valid,fastapi-metadata-typo,squash,1,2,4,4,True,4
valid,fastapi-metadata-typo,squash,2,0,4,4,True,4
valid,fastapi-metadata-typo,squash,2,1,4,4,True,4
valid,fastapi-metadata-typo,squash,2,2,4,4,True,4
valid,fastapi-metadata-typo,squash,4,0,4,4,True,4
valid,fastapi-metadata-typo,squash,4,1,4,4,True,4
valid,fastapi-metadata-typo,squash,4,2,4,4,True,4
valid,fastapi-metadata-typo,squash,8,0,4,4,True,4
valid,fastapi-metadata-typo,squash,8,1,4,4,True,4
valid,fastapi-metadata-typo,squash,8,2,4,4,True,4
valid,fastapi-metadata-typo,squash,16,0,4,4,True,4
valid,fastapi-metadata-typo,squash,16,1,4,4,True,4
valid,fastapi-metadata-typo,squash,16,2,4,4,True,4
valid,fastapi-metadata-typo,revert,0,0,4,4,True,4
valid,fastapi-metadata-typo,revert,0,1,4,4,True,4
valid,fastapi-metadata-typo,revert,0,2,4,4,True,4
valid,fastapi-metadata-typo,revert,1,0,4,4,True,4
valid,fastapi-metadata-typo,revert,1,1,4,4,True,4
valid,fastapi-metadata-typo,revert,1,2,4,4,True,4
valid,fastapi-metadata-typo,revert,2,0,4,4,True,4
valid,fastapi-metadata-typo,revert,2,1,4,4,True,4
valid,fastapi-metadata-typo,revert,2,2,4,4,True,4
valid,fastapi-metadata-typo,revert,4,0,4,4,True,4
valid,fastapi-metadata-typo,revert,4,1,4,4,True,4
valid,fastapi-metadata-typo,revert,4,2,4,4,True,4
valid,fastapi-metadata-typo,revert,8,0,4,4,True,4
valid,fastapi-metadata-typo,revert,8,1,4,4,True,4
valid,fastapi-metadata-typo,revert,8,2,4,4,True,4
valid,fastapi-metadata-typo,revert,16,0,4,4,True,4
valid,fastapi-metadata-typo,revert,16,1,4,4,True,4
valid,fastapi-metadata-typo,revert,16,2,4,4,True,4
invalid,fastapi-metadata-typo,missing-transform-output,,0,4,4,False,4
invalid,fastapi-metadata-typo,conflicting-presentation,,0,4,4,False,4
invalid,fastapi-metadata-typo,unresolved-effect,,0,4,4,False,4
invalid,fastapi-metadata-typo,conflicting-event,,0,4,4,False,4
invalid,fastapi-metadata-typo,invalid-transform,,0,4,4,False,4
invalid,fastapi-metadata-typo,missing-transform-output,,1,4,4,False,4
invalid,fastapi-metadata-typo,conflicting-presentation,,1,4,4,False,4
invalid,fastapi-metadata-typo,unresolved-effect,,1,4,4,False,4
invalid,fastapi-metadata-typo,conflicting-event,,1,4,4,False,4
invalid,fastapi-metadata-typo,invalid-transform,,1,4,4,False,4
invalid,fastapi-metadata-typo,missing-transform-output,,2,4,4,False,4
invalid,fastapi-metadata-typo,conflicting-presentation,,2,4,4,False,4
invalid,fastapi-metadata-typo,unresolved-effect,,2,4,4,False,4
invalid,fastapi-metadata-typo,conflicting-event,,2,4,4,False,4
invalid,fastapi-metadata-typo,invalid-transform,,2,4,4,False,4
invalid,fastapi-metadata-typo,missing-transform-output,,3,5,5,False,5
invalid,fastapi-metadata-typo,conflicting-presentation,,3,5,5,False,5
invalid,fastapi-metadata-typo,unresolved-effect,,3,5,5,False,5
invalid,fastapi-metadata-typo,conflicting-event,,3,5,5,False,5
invalid,fastapi-metadata-typo,invalid-transform,,3,5,5,False,5
invalid,fastapi-metadata-typo,missing-transform-output,,4,6,6,False,6
invalid,fastapi-metadata-typo,conflicting-presentation,,4,6,6,False,6
invalid,fastapi-metadata-typo,unresolved-effect,,4,6,6,False,6
invalid,fastapi-metadata-typo,conflicting-event,,4,6,6,False,6
invalid,fastapi-metadata-typo,invalid-transform,,4,6,6,False,6
invalid,fastapi-metadata-typo,missing-transform-output,,5,7,7,False,7
invalid,fastapi-metadata-typo,conflicting-presentation,,5,7,7,False,7
invalid,fastapi-metadata-typo,unresolved-effect,,5,7,7,False,7
invalid,fastapi-metadata-typo,conflicting-event,,5,7,7,False,7
invalid,fastapi-metadata-typo,invalid-transform,,5,7,7,False,7
invalid,fastapi-metadata-typo,missing-transform-output,,6,8,8,False,8
invalid,fastapi-metadata-typo,conflicting-presentation,,6,8,8,False,8
invalid,fastapi-metadata-typo,unresolved-effect,,6,8,8,False,8
invalid,fastapi-metadata-typo,conflicting-event,,6,8,8,False,8
invalid,fastapi-metadata-typo,invalid-transform,,6,8,8,False,8
invalid,fastapi-metadata-typo,missing-transform-output,,7,9,9,False,9
invalid,fastapi-metadata-typo,conflicting-presentation,,7,9,9,False,9
invalid,fastapi-metadata-typo,unresolved-effect,,7,9,9,False,9
invalid,fastapi-metadata-typo,conflicting-event,,7,9,9,False,9
invalid,fastapi-metadata-typo,invalid-transform,,7,9,9,False,9
invalid,fastapi-metadata-typo,missing-transform-output,,8,10,10,False,10
invalid,fastapi-metadata-typo,conflicting-presentation,,8,10,10,False,10
invalid,fastapi-metadata-typo,unresolved-effect,,8,10,10,False,10
invalid,fastapi-metadata-typo,conflicting-event,,8,10,10,False,10
invalid,fastapi-metadata-typo,invalid-transform,,8,10,10,False,10
invalid,fastapi-metadata-typo,missing-transform-output,,9,11,11,False,11
invalid,fastapi-metadata-typo,conflicting-presentation,,9,11,11,False,11
invalid,fastapi-metadata-typo,unresolved-effect,,9,11,11,False,11
invalid,fastapi-metadata-typo,conflicting-event,,9,11,11,False,11
invalid,fastapi-metadata-typo,invalid-transform,,9,11,11,False,11
valid,serde-json-buffered-reader,rebase,0,0,10,10,True,10
valid,serde-json-buffered-reader,rebase,0,1,10,10,True,10
valid,serde-json-buffered-reader,rebase,0,2,10,10,True,10
valid,serde-json-buffered-reader,rebase,1,0,10,10,True,10
valid,serde-json-buffered-reader,rebase,1,1,10,10,True,10
valid,serde-json-buffered-reader,rebase,1,2,10,10,True,10
valid,serde-json-buffered-reader,rebase,2,0,10,10,True,10
valid,serde-json-buffered-reader,rebase,2,1,10,10,True,10
valid,serde-json-buffered-reader,rebase,2,2,10,10,True,10
valid,serde-json-buffered-reader,rebase,4,0,10,10,True,10
valid,serde-json-buffered-reader,rebase,4,1,10,10,True,10
valid,serde-json-buffered-reader,rebase,4,2,10,10,True,10
valid,serde-json-buffered-reader,rebase,8,0,10,10,True,10
valid,serde-json-buffered-reader,rebase,8,1,10,10,True,10
valid,serde-json-buffered-reader,rebase,8,2,10,10,True,10
valid,serde-json-buffered-reader,rebase,16,0,10,10,True,10
valid,serde-json-buffered-reader,rebase,16,1,10,10,True,10
valid,serde-json-buffered-reader,rebase,16,2,10,10,True,10
valid,serde-json-buffered-reader,cherry_pick,0,0,10,10,True,10
valid,serde-json-buffered-reader,cherry_pick,0,1,10,10,True,10
valid,serde-json-buffered-reader,cherry_pick,0,2,10,10,True,10
valid,serde-json-buffered-reader,cherry_pick,1,0,10,10,True,10
valid,serde-json-buffered-reader,cherry_pick,1,1,10,10,True,10
valid,serde-json-buffered-reader,cherry_pick,1,2,10,10,True,10
valid,serde-json-buffered-reader,cherry_pick,2,0,10,10,True,10
valid,serde-json-buffered-reader,cherry_pick,2,1,10,10,True,10
valid,serde-json-buffered-reader,cherry_pick,2,2,10,10,True,10
valid,serde-json-buffered-reader,cherry_pick,4,0,10,10,True,10
valid,serde-json-buffered-reader,cherry_pick,4,1,10,10,True,10
valid,serde-json-buffered-reader,cherry_pick,4,2,10,10,True,10
valid,serde-json-buffered-reader,cherry_pick,8,0,10,10,True,10
valid,serde-json-buffered-reader,cherry_pick,8,1,10,10,True,10
valid,serde-json-buffered-reader,cherry_pick,8,2,10,10,True,10
valid,serde-json-buffered-reader,cherry_pick,16,0,10,10,True,10
valid,serde-json-buffered-reader,cherry_pick,16,1,10,10,True,10
valid,serde-json-buffered-reader,cherry_pick,16,2,10,10,True,10
valid,serde-json-buffered-reader,fork,0,0,10,10,True,10
valid,serde-json-buffered-reader,fork,0,1,10,10,True,10
valid,serde-json-buffered-reader,fork,0,2,10,10,True,10
valid,serde-json-buffered-reader,fork,1,0,10,10,True,10
valid,serde-json-buffered-reader,fork,1,1,10,10,True,10
valid,serde-json-buffered-reader,fork,1,2,10,10,True,10
valid,serde-json-buffered-reader,fork,2,0,10,10,True,10
valid,serde-json-buffered-reader,fork,2,1,10,10,True,10
valid,serde-json-buffered-reader,fork,2,2,10,10,True,10
valid,serde-json-buffered-reader,fork,4,0,10,10,True,10
valid,serde-json-buffered-reader,fork,4,1,10,10,True,10
valid,serde-json-buffered-reader,fork,4,2,10,10,True,10
valid,serde-json-buffered-reader,fork,8,0,10,10,True,10
valid,serde-json-buffered-reader,fork,8,1,10,10,True,10
valid,serde-json-buffered-reader,fork,8,2,10,10,True,10
valid,serde-json-buffered-reader,fork,16,0,10,10,True,10
valid,serde-json-buffered-reader,fork,16,1,10,10,True,10
valid,serde-json-buffered-reader,fork,16,2,10,10,True,10
valid,serde-json-buffered-reader,squash,0,0,10,10,True,10
valid,serde-json-buffered-reader,squash,0,1,10,10,True,10
valid,serde-json-buffered-reader,squash,0,2,10,10,True,10
valid,serde-json-buffered-reader,squash,1,0,10,10,True,10
valid,serde-json-buffered-reader,squash,1,1,10,10,True,10
valid,serde-json-buffered-reader,squash,1,2,10,10,True,10
valid,serde-json-buffered-reader,squash,2,0,10,10,True,10
valid,serde-json-buffered-reader,squash,2,1,10,10,True,10
valid,serde-json-buffered-reader,squash,2,2,10,10,True,10
valid,serde-json-buffered-reader,squash,4,0,10,10,True,10
valid,serde-json-buffered-reader,squash,4,1,10,10,True,10
valid,serde-json-buffered-reader,squash,4,2,10,10,True,10
valid,serde-json-buffered-reader,squash,8,0,10,10,True,10
valid,serde-json-buffered-reader,squash,8,1,10,10,True,10
valid,serde-json-buffered-reader,squash,8,2,10,10,True,10
valid,serde-json-buffered-reader,squash,16,0,10,10,True,10
valid,serde-json-buffered-reader,squash,16,1,10,10,True,10
valid,serde-json-buffered-reader,squash,16,2,10,10,True,10
valid,serde-json-buffered-reader,revert,0,0,10,10,True,10
valid,serde-json-buffered-reader,revert,0,1,10,10,True,10
valid,serde-json-buffered-reader,revert,0,2,10,10,True,10
valid,serde-json-buffered-reader,revert,1,0,10,10,True,10
valid,serde-json-buffered-reader,revert,1,1,10,10,True,10
valid,serde-json-buffered-reader,revert,1,2,10,10,True,10
valid,serde-json-buffered-reader,revert,2,0,10,10,True,10
valid,serde-json-buffered-reader,revert,2,1,10,10,True,10
valid,serde-json-buffered-reader,revert,2,2,10,10,True,10
valid,serde-json-buffered-reader,revert,4,0,10,10,True,10
valid,serde-json-buffered-reader,revert,4,1,10,10,True,10
valid,serde-json-buffered-reader,revert,4,2,10,10,True,10
valid,serde-json-buffered-reader,revert,8,0,10,10,True,10
valid,serde-json-buffered-reader,revert,8,1,10,10,True,10
valid,serde-json-buffered-reader,revert,8,2,10,10,True,10
valid,serde-json-buffered-reader,revert,16,0,10,10,True,10
valid,serde-json-buffered-reader,revert,16,1,10,10,True,10
valid,serde-json-buffered-reader,revert,16,2,10,10,True,10
invalid,serde-json-buffered-reader,missing-transform-output,,0,10,10,False,10
invalid,serde-json-buffered-reader,conflicting-presentation,,0,10,10,False,10
invalid,serde-json-buffered-reader,unresolved-effect,,0,10,10,False,10
invalid,serde-json-buffered-reader,conflicting-event,,0,10,10,False,10
invalid,serde-json-buffered-reader,invalid-transform,,0,10,10,False,10
invalid,serde-json-buffered-reader,missing-transform-output,,1,11,11,False,11
invalid,serde-json-buffered-reader,conflicting-presentation,,1,11,11,False,11
invalid,serde-json-buffered-reader,unresolved-effect,,1,11,11,False,11
invalid,serde-json-buffered-reader,conflicting-event,,1,11,11,False,11
invalid,serde-json-buffered-reader,invalid-transform,,1,11,11,False,11
invalid,serde-json-buffered-reader,missing-transform-output,,2,12,12,False,12
invalid,serde-json-buffered-reader,conflicting-presentation,,2,12,12,False,12
invalid,serde-json-buffered-reader,unresolved-effect,,2,12,12,False,12
invalid,serde-json-buffered-reader,conflicting-event,,2,12,12,False,12
invalid,serde-json-buffered-reader,invalid-transform,,2,12,12,False,12
invalid,serde-json-buffered-reader,missing-transform-output,,3,13,13,False,13
invalid,serde-json-buffered-reader,conflicting-presentation,,3,13,13,False,13
invalid,serde-json-buffered-reader,unresolved-effect,,3,13,13,False,13
invalid,serde-json-buffered-reader,conflicting-event,,3,13,13,False,13
invalid,serde-json-buffered-reader,invalid-transform,,3,13,13,False,13
invalid,serde-json-buffered-reader,missing-transform-output,,4,14,14,False,14
invalid,serde-json-buffered-reader,conflicting-presentation,,4,14,14,False,14
invalid,serde-json-buffered-reader,unresolved-effect,,4,14,14,False,14
invalid,serde-json-buffered-reader,conflicting-event,,4,14,14,False,14
invalid,serde-json-buffered-reader,invalid-transform,,4,14,14,False,14
invalid,serde-json-buffered-reader,missing-transform-output,,5,15,15,False,15
invalid,serde-json-buffered-reader,conflicting-presentation,,5,15,15,False,15
invalid,serde-json-buffered-reader,unresolved-effect,,5,15,15,False,15
invalid,serde-json-buffered-reader,conflicting-event,,5,15,15,False,15
invalid,serde-json-buffered-reader,invalid-transform,,5,15,15,False,15
invalid,serde-json-buffered-reader,missing-transform-output,,6,16,16,False,16
invalid,serde-json-buffered-reader,conflicting-presentation,,6,16,16,False,16
invalid,serde-json-buffered-reader,unresolved-effect,,6,16,16,False,16
invalid,serde-json-buffered-reader,conflicting-event,,6,16,16,False,16
invalid,serde-json-buffered-reader,invalid-transform,,6,16,16,False,16
invalid,serde-json-buffered-reader,missing-transform-output,,7,17,17,False,17
invalid,serde-json-buffered-reader,conflicting-presentation,,7,17,17,False,17
invalid,serde-json-buffered-reader,unresolved-effect,,7,17,17,False,17
invalid,serde-json-buffered-reader,conflicting-event,,7,17,17,False,17
invalid,serde-json-buffered-reader,invalid-transform,,7,17,17,False,17
invalid,serde-json-buffered-reader,missing-transform-output,,8,18,18,False,18
invalid,serde-json-buffered-reader,conflicting-presentation,,8,18,18,False,18
invalid,serde-json-buffered-reader,unresolved-effect,,8,18,18,False,18
invalid,serde-json-buffered-reader,conflicting-event,,8,18,18,False,18
invalid,serde-json-buffered-reader,invalid-transform,,8,18,18,False,18
invalid,serde-json-buffered-reader,missing-transform-output,,9,19,19,False,19
invalid,serde-json-buffered-reader,conflicting-presentation,,9,19,19,False,19
invalid,serde-json-buffered-reader,unresolved-effect,,9,19,19,False,19
invalid,serde-json-buffered-reader,conflicting-event,,9,19,19,False,19
invalid,serde-json-buffered-reader,invalid-transform,,9,19,19,False,19
valid,ripgrep-json-statistics,rebase,0,0,9,9,True,9
valid,ripgrep-json-statistics,rebase,0,1,9,9,True,9
valid,ripgrep-json-statistics,rebase,0,2,9,9,True,9
valid,ripgrep-json-statistics,rebase,1,0,9,9,True,9
valid,ripgrep-json-statistics,rebase,1,1,9,9,True,9
valid,ripgrep-json-statistics,rebase,1,2,9,9,True,9
valid,ripgrep-json-statistics,rebase,2,0,9,9,True,9
valid,ripgrep-json-statistics,rebase,2,1,9,9,True,9
valid,ripgrep-json-statistics,rebase,2,2,9,9,True,9
valid,ripgrep-json-statistics,rebase,4,0,9,9,True,9
valid,ripgrep-json-statistics,rebase,4,1,9,9,True,9
valid,ripgrep-json-statistics,rebase,4,2,9,9,True,9
valid,ripgrep-json-statistics,rebase,8,0,9,9,True,9
valid,ripgrep-json-statistics,rebase,8,1,9,9,True,9
valid,ripgrep-json-statistics,rebase,8,2,9,9,True,9
valid,ripgrep-json-statistics,rebase,16,0,9,9,True,9
valid,ripgrep-json-statistics,rebase,16,1,9,9,True,9
valid,ripgrep-json-statistics,rebase,16,2,9,9,True,9
valid,ripgrep-json-statistics,cherry_pick,0,0,9,9,True,9
valid,ripgrep-json-statistics,cherry_pick,0,1,9,9,True,9
valid,ripgrep-json-statistics,cherry_pick,0,2,9,9,True,9
valid,ripgrep-json-statistics,cherry_pick,1,0,9,9,True,9
valid,ripgrep-json-statistics,cherry_pick,1,1,9,9,True,9
valid,ripgrep-json-statistics,cherry_pick,1,2,9,9,True,9
valid,ripgrep-json-statistics,cherry_pick,2,0,9,9,True,9
valid,ripgrep-json-statistics,cherry_pick,2,1,9,9,True,9
valid,ripgrep-json-statistics,cherry_pick,2,2,9,9,True,9
valid,ripgrep-json-statistics,cherry_pick,4,0,9,9,True,9
valid,ripgrep-json-statistics,cherry_pick,4,1,9,9,True,9
valid,ripgrep-json-statistics,cherry_pick,4,2,9,9,True,9
valid,ripgrep-json-statistics,cherry_pick,8,0,9,9,True,9
valid,ripgrep-json-statistics,cherry_pick,8,1,9,9,True,9
valid,ripgrep-json-statistics,cherry_pick,8,2,9,9,True,9
valid,ripgrep-json-statistics,cherry_pick,16,0,9,9,True,9
valid,ripgrep-json-statistics,cherry_pick,16,1,9,9,True,9
valid,ripgrep-json-statistics,cherry_pick,16,2,9,9,True,9
valid,ripgrep-json-statistics,fork,0,0,9,9,True,9
valid,ripgrep-json-statistics,fork,0,1,9,9,True,9
valid,ripgrep-json-statistics,fork,0,2,9,9,True,9
valid,ripgrep-json-statistics,fork,1,0,9,9,True,9
valid,ripgrep-json-statistics,fork,1,1,9,9,True,9
valid,ripgrep-json-statistics,fork,1,2,9,9,True,9
valid,ripgrep-json-statistics,fork,2,0,9,9,True,9
valid,ripgrep-json-statistics,fork,2,1,9,9,True,9
valid,ripgrep-json-statistics,fork,2,2,9,9,True,9
valid,ripgrep-json-statistics,fork,4,0,9,9,True,9
valid,ripgrep-json-statistics,fork,4,1,9,9,True,9
valid,ripgrep-json-statistics,fork,4,2,9,9,True,9
valid,ripgrep-json-statistics,fork,8,0,9,9,True,9
valid,ripgrep-json-statistics,fork,8,1,9,9,True,9
valid,ripgrep-json-statistics,fork,8,2,9,9,True,9
valid,ripgrep-json-statistics,fork,16,0,9,9,True,9
valid,ripgrep-json-statistics,fork,16,1,9,9,True,9
valid,ripgrep-json-statistics,fork,16,2,9,9,True,9
valid,ripgrep-json-statistics,squash,0,0,9,9,True,9
valid,ripgrep-json-statistics,squash,0,1,9,9,True,9
valid,ripgrep-json-statistics,squash,0,2,9,9,True,9
valid,ripgrep-json-statistics,squash,1,0,9,9,True,9
valid,ripgrep-json-statistics,squash,1,1,9,9,True,9
valid,ripgrep-json-statistics,squash,1,2,9,9,True,9
valid,ripgrep-json-statistics,squash,2,0,9,9,True,9
valid,ripgrep-json-statistics,squash,2,1,9,9,True,9
valid,ripgrep-json-statistics,squash,2,2,9,9,True,9
valid,ripgrep-json-statistics,squash,4,0,9,9,True,9
valid,ripgrep-json-statistics,squash,4,1,9,9,True,9
valid,ripgrep-json-statistics,squash,4,2,9,9,True,9
valid,ripgrep-json-statistics,squash,8,0,9,9,True,9
valid,ripgrep-json-statistics,squash,8,1,9,9,True,9
valid,ripgrep-json-statistics,squash,8,2,9,9,True,9
valid,ripgrep-json-statistics,squash,16,0,9,9,True,9
valid,ripgrep-json-statistics,squash,16,1,9,9,True,9
valid,ripgrep-json-statistics,squash,16,2,9,9,True,9
valid,ripgrep-json-statistics,revert,0,0,9,9,True,9
valid,ripgrep-json-statistics,revert,0,1,9,9,True,9
valid,ripgrep-json-statistics,revert,0,2,9,9,True,9
valid,ripgrep-json-statistics,revert,1,0,9,9,True,9
valid,ripgrep-json-statistics,revert,1,1,9,9,True,9
valid,ripgrep-json-statistics,revert,1,2,9,9,True,9
valid,ripgrep-json-statistics,revert,2,0,9,9,True,9
valid,ripgrep-json-statistics,revert,2,1,9,9,True,9
valid,ripgrep-json-statistics,revert,2,2,9,9,True,9
valid,ripgrep-json-statistics,revert,4,0,9,9,True,9
valid,ripgrep-json-statistics,revert,4,1,9,9,True,9
valid,ripgrep-json-statistics,revert,4,2,9,9,True,9
valid,ripgrep-json-statistics,revert,8,0,9,9,True,9
valid,ripgrep-json-statistics,revert,8,1,9,9,True,9
valid,ripgrep-json-statistics,revert,8,2,9,9,True,9
valid,ripgrep-json-statistics,revert,16,0,9,9,True,9
valid,ripgrep-json-statistics,revert,16,1,9,9,True,9
valid,ripgrep-json-statistics,revert,16,2,9,9,True,9
invalid,ripgrep-json-statistics,missing-transform-output,,0,9,9,False,9
invalid,ripgrep-json-statistics,conflicting-presentation,,0,9,9,False,9
invalid,ripgrep-json-statistics,unresolved-effect,,0,9,9,False,9
invalid,ripgrep-json-statistics,conflicting-event,,0,9,9,False,9
invalid,ripgrep-json-statistics,invalid-transform,,0,9,9,False,9
invalid,ripgrep-json-statistics,missing-transform-output,,1,10,10,False,10
invalid,ripgrep-json-statistics,conflicting-presentation,,1,10,10,False,10
invalid,ripgrep-json-statistics,unresolved-effect,,1,10,10,False,10
invalid,ripgrep-json-statistics,conflicting-event,,1,10,10,False,10
invalid,ripgrep-json-statistics,invalid-transform,,1,10,10,False,10
invalid,ripgrep-json-statistics,missing-transform-output,,2,11,11,False,11
invalid,ripgrep-json-statistics,conflicting-presentation,,2,11,11,False,11
invalid,ripgrep-json-statistics,unresolved-effect,,2,11,11,False,11
invalid,ripgrep-json-statistics,conflicting-event,,2,11,11,False,11
invalid,ripgrep-json-statistics,invalid-transform,,2,11,11,False,11
invalid,ripgrep-json-statistics,missing-transform-output,,3,12,12,False,12
invalid,ripgrep-json-statistics,conflicting-presentation,,3,12,12,False,12
invalid,ripgrep-json-statistics,unresolved-effect,,3,12,12,False,12
invalid,ripgrep-json-statistics,conflicting-event,,3,12,12,False,12
invalid,ripgrep-json-statistics,invalid-transform,,3,12,12,False,12
invalid,ripgrep-json-statistics,missing-transform-output,,4,13,13,False,13
invalid,ripgrep-json-statistics,conflicting-presentation,,4,13,13,False,13
invalid,ripgrep-json-statistics,unresolved-effect,,4,13,13,False,13
invalid,ripgrep-json-statistics,conflicting-event,,4,13,13,False,13
invalid,ripgrep-json-statistics,invalid-transform,,4,13,13,False,13
invalid,ripgrep-json-statistics,missing-transform-output,,5,14,14,False,14
invalid,ripgrep-json-statistics,conflicting-presentation,,5,14,14,False,14
invalid,ripgrep-json-statistics,unresolved-effect,,5,14,14,False,14
invalid,ripgrep-json-statistics,conflicting-event,,5,14,14,False,14
invalid,ripgrep-json-statistics,invalid-transform,,5,14,14,False,14
invalid,ripgrep-json-statistics,missing-transform-output,,6,15,15,False,15
invalid,ripgrep-json-statistics,conflicting-presentation,,6,15,15,False,15
invalid,ripgrep-json-statistics,unresolved-effect,,6,15,15,False,15
invalid,ripgrep-json-statistics,conflicting-event,,6,15,15,False,15
invalid,ripgrep-json-statistics,invalid-transform,,6,15,15,False,15
invalid,ripgrep-json-statistics,missing-transform-output,,7,16,16,False,16
invalid,ripgrep-json-statistics,conflicting-presentation,,7,16,16,False,16
invalid,ripgrep-json-statistics,unresolved-effect,,7,16,16,False,16
invalid,ripgrep-json-statistics,conflicting-event,,7,16,16,False,16
invalid,ripgrep-json-statistics,invalid-transform,,7,16,16,False,16
invalid,ripgrep-json-statistics,missing-transform-output,,8,17,17,False,17
invalid,ripgrep-json-statistics,conflicting-presentation,,8,17,17,False,17
invalid,ripgrep-json-statistics,unresolved-effect,,8,17,17,False,17
invalid,ripgrep-json-statistics,conflicting-event,,8,17,17,False,17
invalid,ripgrep-json-statistics,invalid-transform,,8,17,17,False,17
invalid,ripgrep-json-statistics,missing-transform-output,,9,18,18,False,18
invalid,ripgrep-json-statistics,conflicting-presentation,,9,18,18,False,18
invalid,ripgrep-json-statistics,unresolved-effect,,9,18,18,False,18
invalid,ripgrep-json-statistics,conflicting-event,,9,18,18,False,18
invalid,ripgrep-json-statistics,invalid-transform,,9,18,18,False,18
