sample,operation,copies,repetition,oracle_mass,carat_mass,carat_ratio,presentation_count_ratio,presentation_mass_ratio,decode_ms,checker_ms,max_transform_inputs,max_transform_outputs
click-pathlike-edit,rebase,0,0,58,58,1.000000,1.000000,1.000000,0.722481,0.561864,0,0
click-pathlike-edit,rebase,0,1,58,58,1.000000,1.000000,1.000000,0.623354,0.572199,0,0
click-pathlike-edit,rebase,0,2,58,58,1.000000,1.000000,1.000000,0.545844,0.565471,0,0
click-pathlike-edit,rebase,1,0,58,58,1.000000,2.000000,2.000000,1.085993,0.989220,1,1
click-pathlike-edit,rebase,1,1,58,58,1.000000,2.000000,2.000000,1.079523,0.926506,1,1
click-pathlike-edit,rebase,1,2,58,58,1.000000,2.000000,2.000000,0.683703,0.619232,1,1
click-pathlike-edit,rebase,2,0,58,58,1.000000,3.000000,3.000000,1.117669,0.858344,1,1
click-pathlike-edit,rebase,2,1,58,58,1.000000,3.000000,3.000000,0.887625,0.741533,1,1
click-pathlike-edit,rebase,2,2,58,58,1.000000,3.000000,3.000000,0.843440,0.701495,1,1
click-pathlike-edit,rebase,4,0,58,58,1.000000,5.000000,5.000000,0.903337,0.910402,1,1
click-pathlike-edit,rebase,4,1,58,58,1.000000,5.000000,5.000000,1.007527,0.874369,1,1
click-pathlike-edit,rebase,4,2,58,58,1.000000,5.000000,5.000000,0.961046,0.904315,1,1
click-pathlike-edit,rebase,8,0,58,58,1.000000,9.000000,9.000000,1.203913,1.173676,1,1
click-pathlike-edit,rebase,8,1,58,58,1.000000,9.000000,9.000000,1.215205,1.217821,1,1
click-pathlike-edit,rebase,8,2,58,58,1.000000,9.000000,9.000000,1.264711,1.627773,1,1
click-pathlike-edit,rebase,16,0,58,58,1.000000,17.000000,17.000000,2.003664,1.876440,1,1
click-pathlike-edit,rebase,16,1,58,58,1.000000,17.000000,17.000000,1.843011,1.765444,1,1
click-pathlike-edit,rebase,16,2,58,58,1.000000,17.000000,17.000000,1.737344,1.808599,1,1
click-pathlike-edit,cherry_pick,0,0,58,58,1.000000,1.000000,1.000000,0.558366,0.679414,0,0
click-pathlike-edit,cherry_pick,0,1,58,58,1.000000,1.000000,1.000000,0.560099,0.555525,0,0
click-pathlike-edit,cherry_pick,0,2,58,58,1.000000,1.000000,1.000000,0.546557,0.543031,0,0
click-pathlike-edit,cherry_pick,1,0,58,58,1.000000,2.000000,2.000000,0.757389,0.657721,1,1
click-pathlike-edit,cherry_pick,1,1,58,58,1.000000,2.000000,2.000000,0.656042,0.660799,1,1
click-pathlike-edit,cherry_pick,1,2,58,58,1.000000,2.000000,2.000000,0.660905,0.624578,1,1
click-pathlike-edit,cherry_pick,2,0,58,58,1.000000,3.000000,3.000000,0.809937,0.839598,1,1
click-pathlike-edit,cherry_pick,2,1,58,58,1.000000,3.000000,3.000000,0.721168,0.802240,1,1
click-pathlike-edit,cherry_pick,2,2,58,58,1.000000,3.000000,3.000000,0.789469,0.710896,1,1
click-pathlike-edit,cherry_pick,4,0,58,58,1.000000,5.000000,5.000000,0.881423,0.871282,1,1
click-pathlike-edit,cherry_pick,4,1,58,58,1.000000,5.000000,5.000000,1.004879,1.164728,1,1
click-pathlike-edit,cherry_pick,4,2,58,58,1.000000,5.000000,5.000000,0.921357,1.010295,1,1
click-pathlike-edit,cherry_pick,8,0,58,58,1.000000,9.000000,9.000000,2.113363,1.340456,1,1
click-pathlike-edit,cherry_pick,8,1,58,58,1.000000,9.000000,9.000000,1.227171,1.535150,1,1
click-pathlike-edit,cherry_pick,8,2,58,58,1.000000,9.000000,9.000000,1.236866,1.172483,1,1
click-pathlike-edit,cherry_pick,16,0,58,58,1.000000,17.000000,17.000000,1.789338,1.749008,1,1
click-pathlike-edit,cherry_pick,16,1,58,58,1.000000,17.000000,17.000000,1.790213,1.830980,1,1
click-pathlike-edit,cherry_pick,16,2,58,58,1.000000,17.000000,17.000000,1.746932,1.826344,1,1
click-pathlike-edit,fork,0,0,58,58,1.000000,1.000000,1.000000,0.648238,0.646874,0,0
click-pathlike-edit,fork,0,1,58,58,1.000000,1.000000,1.000000,0.770104,0.584028,0,0
click-pathlike-edit,fork,0,2,58,58,1.000000,1.000000,1.000000,0.605142,0.541913,0,0
click-pathlike-edit,fork,1,0,58,58,1.000000,2.000000,2.000000,0.707704,0.643335,1,1
click-pathlike-edit,fork,1,1,58,58,1.000000,2.000000,2.000000,0.704982,0.752395,1,1
click-pathlike-edit,fork,1,2,58,58,1.000000,2.000000,2.000000,0.677467,0.672054,1,1
click-pathlike-edit,fork,2,0,58,58,1.000000,3.000000,3.000000,0.755081,0.712961,1,2
click-pathlike-edit,fork,2,1,58,58,1.000000,3.000000,3.000000,0.700077,0.682969,1,2
click-pathlike-edit,fork,2,2,58,58,1.000000,3.000000,3.000000,0.716355,0.844302,1,2
click-pathlike-edit,fork,4,0,58,58,1.000000,5.000000,5.000000,0.879698,0.831135,1,4
click-pathlike-edit,fork,4,1,58,58,1.000000,5.000000,5.000000,0.804853,0.782108,1,4
click-pathlike-edit,fork,4,2,58,58,1.000000,5.000000,5.000000,0.800522,1.149579,1,4
click-pathlike-edit,fork,8,0,58,58,1.000000,9.000000,9.000000,1.036908,1.302487,1,8
click-pathlike-edit,fork,8,1,58,58,1.000000,9.000000,9.000000,1.135151,1.211773,1,8
click-pathlike-edit,fork,8,2,58,58,1.000000,9.000000,9.000000,1.060632,0.972229,1,8
click-pathlike-edit,fork,16,0,58,58,1.000000,17.000000,17.000000,1.384413,1.333826,1,16
click-pathlike-edit,fork,16,1,58,58,1.000000,17.000000,17.000000,1.365737,1.307052,1,16
click-pathlike-edit,fork,16,2,58,58,1.000000,17.000000,17.000000,1.406926,1.299857,1,16
click-pathlike-edit,squash,0,0,58,58,1.000000,1.000000,1.000000,0.577181,0.585128,0,0
click-pathlike-edit,squash,0,1,58,58,1.000000,1.000000,1.000000,0.678365,0.566704,0,0
click-pathlike-edit,squash,0,2,58,58,1.000000,1.000000,1.000000,0.638463,0.545232,0,0
click-pathlike-edit,squash,1,0,58,58,1.000000,1.500000,2.000000,0.706097,0.725130,2,1
click-pathlike-edit,squash,1,1,58,58,1.000000,1.500000,2.000000,0.713300,0.858911,2,1
click-pathlike-edit,squash,1,2,58,58,1.000000,1.500000,2.000000,0.693454,0.730794,2,1
click-pathlike-edit,squash,2,0,58,58,1.000000,2.000000,3.000000,0.787017,0.735654,2,1
click-pathlike-edit,squash,2,1,58,58,1.000000,2.000000,3.000000,0.815819,1.004142,2,1
click-pathlike-edit,squash,2,2,58,58,1.000000,2.000000,3.000000,1.028880,0.755532,2,1
click-pathlike-edit,squash,4,0,58,58,1.000000,3.000000,5.000000,1.044146,0.948663,2,1
click-pathlike-edit,squash,4,1,58,58,1.000000,3.000000,5.000000,0.980752,1.038790,2,1
click-pathlike-edit,squash,4,2,58,58,1.000000,3.000000,5.000000,0.923447,0.946870,2,1
click-pathlike-edit,squash,8,0,58,58,1.000000,5.000000,9.000000,1.193022,1.157320,2,1
click-pathlike-edit,squash,8,1,58,58,1.000000,5.000000,9.000000,1.226681,1.229736,2,1
click-pathlike-edit,squash,8,2,58,58,1.000000,5.000000,9.000000,1.244401,1.224304,2,1
click-pathlike-edit,squash,16,0,58,58,1.000000,9.000000,17.000000,1.808840,1.800713,2,1
click-pathlike-edit,squash,16,1,58,58,1.000000,9.000000,17.000000,1.855786,1.766570,2,1
click-pathlike-edit,squash,16,2,58,58,1.000000,9.000000,17.000000,2.028025,1.868363,2,1
click-pathlike-edit,revert,0,0,58,58,1.000000,1.000000,1.000000,0.570425,0.564701,0,0
click-pathlike-edit,revert,0,1,58,58,1.000000,1.000000,1.000000,0.594635,0.617910,0,0
click-pathlike-edit,revert,0,2,58,58,1.000000,1.000000,1.000000,0.566068,0.513359,0,0
click-pathlike-edit,revert,1,0,58,58,1.000000,2.000000,2.000000,0.731817,0.639221,1,1
click-pathlike-edit,revert,1,1,58,58,1.000000,2.000000,2.000000,0.664702,0.736254,1,1
click-pathlike-edit,revert,1,2,58,58,1.000000,2.000000,2.000000,0.695261,0.710664,1,1
click-pathlike-edit,revert,2,0,58,58,1.000000,3.000000,3.000000,0.761149,0.731561,1,1
click-pathlike-edit,revert,2,1,58,58,1.000000,3.000000,3.000000,0.853651,0.749062,1,1
click-pathlike-edit,revert,2,2,58,58,1.000000,3.000000,3.000000,0.764442,0.710885,1,1
click-pathlike-edit,revert,4,0,58,58,1.000000,5.000000,5.000000,1.077012,0.899193,1,1
click-pathlike-edit,revert,4,1,58,58,1.000000,5.000000,5.000000,0.975571,1.163044,1,1
click-pathlike-edit,revert,4,2,58,58,1.000000,5.000000,5.000000,0.928441,0.929293,1,1
click-pathlike-edit,revert,8,0,58,58,1.000000,9.000000,9.000000,1.210686,1.243389,1,1
click-pathlike-edit,revert,8,1,58,58,1.000000,9.000000,9.000000,1.196868,1.184455,1,1
click-pathlike-edit,revert,8,2,58,58,1.000000,9.000000,9.000000,1.212691,1.190476,1,1
click-pathlike-edit,revert,16,0,58,58,1.000000,17.000000,17.000000,1.913554,1.830596,1,1
click-pathlike-edit,revert,16,1,58,58,1.000000,17.000000,17.000000,1.833548,1.777409,1,1
click-pathlike-edit,revert,16,2,58,58,1.000000,17.000000,17.000000,1.733632,1.745289,1,1
pytest-conftest-blocking,rebase,0,0,16,16,1.000000,1.000000,1.000000,0.472628,0.486349,0,0
pytest-conftest-blocking,rebase,0,1,16,16,1.000000,1.000000,1.000000,0.480645,0.547742,0,0
pytest-conftest-blocking,rebase,0,2,16,16,1.000000,1.000000,1.000000,0.466106,0.591009,0,0
pytest-conftest-blocking,rebase,1,0,16,16,1.000000,2.000000,2.000000,0.614797,0.549614,1,1
pytest-conftest-blocking,rebase,1,1,16,16,1.000000,2.000000,2.000000,0.581645,0.665238,1,1
pytest-conftest-blocking,rebase,1,2,16,16,1.000000,2.000000,2.000000,0.568268,0.539268,1,1
pytest-conftest-blocking,rebase,2,0,16,16,1.000000,3.000000,3.000000,0.637978,0.582752,1,1
pytest-conftest-blocking,rebase,2,1,16,16,1.000000,3.000000,3.000000,0.593301,0.608225,1,1
pytest-conftest-blocking,rebase,2,2,16,16,1.000000,3.000000,3.000000,0.611561,0.649367,1,1
pytest-conftest-blocking,rebase,4,0,16,16,1.000000,5.000000,5.000000,0.763363,0.756453,1,1
pytest-conftest-blocking,rebase,4,1,16,16,1.000000,5.000000,5.000000,0.828819,0.758488,1,1
pytest-conftest-blocking,rebase,4,2,16,16,1.000000,5.000000,5.000000,0.795914,0.749087,1,1
pytest-conftest-blocking,rebase,8,0,16,16,1.000000,9.000000,9.000000,1.041667,1.020539,1,1
pytest-conftest-blocking,rebase,8,1,16,16,1.000000,9.000000,9.000000,1.084690,1.022208,1,1
pytest-conftest-blocking,rebase,8,2,16,16,1.000000,9.000000,9.000000,1.069556,1.046738,1,1
pytest-conftest-blocking,rebase,16,0,16,16,1.000000,17.000000,17.000000,1.737505,1.676882,1,1
pytest-conftest-blocking,rebase,16,1,16,16,1.000000,17.000000,17.000000,2.118041,1.734780,1,1
pytest-conftest-blocking,rebase,16,2,16,16,1.000000,17.000000,17.000000,1.603251,1.555903,1,1
pytest-conftest-blocking,cherry_pick,0,0,16,16,1.000000,1.000000,1.000000,0.474339,0.468837,0,0
pytest-conftest-blocking,cherry_pick,0,1,16,16,1.000000,1.000000,1.000000,0.470118,0.452635,0,0
pytest-conftest-blocking,cherry_pick,0,2,16,16,1.000000,1.000000,1.000000,0.499248,0.429986,0,0
pytest-conftest-blocking,cherry_pick,1,0,16,16,1.000000,2.000000,2.000000,0.542219,0.567846,1,1
pytest-conftest-blocking,cherry_pick,1,1,16,16,1.000000,2.000000,2.000000,0.537025,0.564037,1,1
pytest-conftest-blocking,cherry_pick,1,2,16,16,1.000000,2.000000,2.000000,0.577014,0.534257,1,1
pytest-conftest-blocking,cherry_pick,2,0,16,16,1.000000,3.000000,3.000000,0.637574,0.595321,1,1
pytest-conftest-blocking,cherry_pick,2,1,16,16,1.000000,3.000000,3.000000,0.622243,1.421091,1,1
pytest-conftest-blocking,cherry_pick,2,2,16,16,1.000000,3.000000,3.000000,0.617534,0.727318,1,1
pytest-conftest-blocking,cherry_pick,4,0,16,16,1.000000,5.000000,5.000000,0.893506,0.836436,1,1
pytest-conftest-blocking,cherry_pick,4,1,16,16,1.000000,5.000000,5.000000,0.809803,1.024093,1,1
pytest-conftest-blocking,cherry_pick,4,2,16,16,1.000000,5.000000,5.000000,0.776116,0.808430,1,1
pytest-conftest-blocking,cherry_pick,8,0,16,16,1.000000,9.000000,9.000000,1.074959,1.032370,1,1
pytest-conftest-blocking,cherry_pick,8,1,16,16,1.000000,9.000000,9.000000,1.050958,1.010871,1,1
pytest-conftest-blocking,cherry_pick,8,2,16,16,1.000000,9.000000,9.000000,1.086742,1.011205,1,1
pytest-conftest-blocking,cherry_pick,16,0,16,16,1.000000,17.000000,17.000000,1.698888,1.740219,1,1
pytest-conftest-blocking,cherry_pick,16,1,16,16,1.000000,17.000000,17.000000,1.623729,1.535969,1,1
pytest-conftest-blocking,cherry_pick,16,2,16,16,1.000000,17.000000,17.000000,1.574665,1.536646,1,1
pytest-conftest-blocking,fork,0,0,16,16,1.000000,1.000000,1.000000,0.467510,0.442777,0,0
pytest-conftest-blocking,fork,0,1,16,16,1.000000,1.000000,1.000000,0.498732,0.465743,0,0
pytest-conftest-blocking,fork,0,2,16,16,1.000000,1.000000,1.000000,0.499230,0.441654,0,0
pytest-conftest-blocking,fork,1,0,16,16,1.000000,2.000000,2.000000,0.557870,0.547973,1,1
pytest-conftest-blocking,fork,1,1,16,16,1.000000,2.000000,2.000000,0.669137,0.706173,1,1
pytest-conftest-blocking,fork,1,2,16,16,1.000000,2.000000,2.000000,0.820017,0.718161,1,1
pytest-conftest-blocking,fork,2,0,16,16,1.000000,3.000000,3.000000,0.599623,0.626179,1,2
pytest-conftest-blocking,fork,2,1,16,16,1.000000,3.000000,3.000000,0.604876,0.608966,1,2
pytest-conftest-blocking,fork,2,2,16,16,1.000000,3.000000,3.000000,0.599206,0.641438,1,2
pytest-conftest-blocking,fork,4,0,16,16,1.000000,5.000000,5.000000,0.707479,0.675326,1,4
pytest-conftest-blocking,fork,4,1,16,16,1.000000,5.000000,5.000000,0.693667,0.694480,1,4
pytest-conftest-blocking,fork,4,2,16,16,1.000000,5.000000,5.000000,0.654593,0.665414,1,4
pytest-conftest-blocking,fork,8,0,16,16,1.000000,9.000000,9.000000,0.822186,0.848410,1,8
pytest-conftest-blocking,fork,8,1,16,16,1.000000,9.000000,9.000000,0.837917,0.819916,1,8
pytest-conftest-blocking,fork,8,2,16,16,1.000000,9.000000,9.000000,0.870427,0.906624,1,8
pytest-conftest-blocking,fork,16,0,16,16,1.000000,17.000000,17.000000,1.202682,1.173940,1,16
pytest-conftest-blocking,fork,16,1,16,16,1.000000,17.000000,17.000000,1.399265,1.260649,1,16
pytest-conftest-blocking,fork,16,2,16,16,1.000000,17.000000,17.000000,1.809294,3.272850,1,16
pytest-conftest-blocking,squash,0,0,16,16,1.000000,1.000000,1.000000,2.106258,0.603525,0,0
pytest-conftest-blocking,squash,0,1,16,16,1.000000,1.000000,1.000000,0.560335,0.499128,0,0
pytest-conftest-blocking,squash,0,2,16,16,1.000000,1.000000,1.000000,0.591212,0.464814,0,0
pytest-conftest-blocking,squash,1,0,16,16,1.000000,1.500000,2.000000,0.654178,0.677280,2,1
pytest-conftest-blocking,squash,1,1,16,16,1.000000,1.500000,2.000000,0.595030,0.560598,2,1
pytest-conftest-blocking,squash,1,2,16,16,1.000000,1.500000,2.000000,0.577487,0.574958,2,1
pytest-conftest-blocking,squash,2,0,16,16,1.000000,2.000000,3.000000,0.653145,0.662353,2,1
pytest-conftest-blocking,squash,2,1,16,16,1.000000,2.000000,3.000000,0.646257,0.664547,2,1
pytest-conftest-blocking,squash,2,2,16,16,1.000000,2.000000,3.000000,0.652350,0.663014,2,1
pytest-conftest-blocking,squash,4,0,16,16,1.000000,3.000000,5.000000,0.806940,0.958052,2,1
pytest-conftest-blocking,squash,4,1,16,16,1.000000,3.000000,5.000000,0.790125,0.836230,2,1
pytest-conftest-blocking,squash,4,2,16,16,1.000000,3.000000,5.000000,0.921663,0.796371,2,1
pytest-conftest-blocking,squash,8,0,16,16,1.000000,5.000000,9.000000,1.585815,1.304818,2,1
pytest-conftest-blocking,squash,8,1,16,16,1.000000,5.000000,9.000000,1.207637,1.319943,2,1
pytest-conftest-blocking,squash,8,2,16,16,1.000000,5.000000,9.000000,1.199368,1.172900,2,1
pytest-conftest-blocking,squash,16,0,16,16,1.000000,9.000000,17.000000,1.708132,1.784990,2,1
pytest-conftest-blocking,squash,16,1,16,16,1.000000,9.000000,17.000000,1.706135,1.633665,2,1
pytest-conftest-blocking,squash,16,2,16,16,1.000000,9.000000,17.000000,1.637711,1.660229,2,1
pytest-conftest-blocking,revert,0,0,16,16,1.000000,1.000000,1.000000,0.531362,0.495453,0,0
pytest-conftest-blocking,revert,0,1,16,16,1.000000,1.000000,1.000000,0.465743,0.438991,0,0
pytest-conftest-blocking,revert,0,2,16,16,1.000000,1.000000,1.000000,0.470587,0.470944,0,0
pytest-conftest-blocking,revert,1,0,16,16,1.000000,2.000000,2.000000,0.617736,0.554648,1,1
pytest-conftest-blocking,revert,1,1,16,16,1.000000,2.000000,2.000000,0.627222,0.558643,1,1
pytest-conftest-blocking,revert,1,2,16,16,1.000000,2.000000,2.000000,0.559691,0.587127,1,1
pytest-conftest-blocking,revert,2,0,16,16,1.000000,3.000000,3.000000,0.780094,0.872337,1,1
pytest-conftest-blocking,revert,2,1,16,16,1.000000,3.000000,3.000000,0.640028,0.697008,1,1
pytest-conftest-blocking,revert,2,2,16,16,1.000000,3.000000,3.000000,0.756167,0.611959,1,1
pytest-conftest-blocking,revert,4,0,16,16,1.000000,5.000000,5.000000,0.789827,0.756466,1,1
pytest-conftest-blocking,revert,4,1,16,16,1.000000,5.000000,5.000000,0.771153,0.770015,1,1
pytest-conftest-blocking,revert,4,2,16,16,1.000000,5.000000,5.000000,0.772969,0.743454,1,1
pytest-conftest-blocking,revert,8,0,16,16,1.000000,9.000000,9.000000,1.054716,1.272938,1,1
pytest-conftest-blocking,revert,8,1,16,16,1.000000,9.000000,9.000000,1.245623,1.021877,1,1
pytest-conftest-blocking,revert,8,2,16,16,1.000000,9.000000,9.000000,1.085584,1.053445,1,1
pytest-conftest-blocking,revert,16,0,16,16,1.000000,17.000000,17.000000,1.636595,1.558066,1,1
pytest-conftest-blocking,revert,16,1,16,16,1.000000,17.000000,17.000000,1.738044,1.642725,1,1
pytest-conftest-blocking,revert,16,2,16,16,1.000000,17.000000,17.000000,1.752493,1.865211,1,1
requests-pytest-compatibility,rebase,0,0,4,4,1.000000,1.000000,1.000000,0.211345,0.182856,0,0
requests-pytest-compatibility,rebase,0,1,4,4,1.000000,1.000000,1.000000,0.191346,0.259537,0,0
requests-pytest-compatibility,rebase,0,2,4,4,1.000000,1.000000,1.000000,0.218275,0.175803,0,0
requests-pytest-compatibility,rebase,1,0,4,4,1.000000,2.000000,2.000000,0.258733,0.269031,1,1
requests-pytest-compatibility,rebase,1,1,4,4,1.000000,2.000000,2.000000,0.269505,0.253688,1,1
requests-pytest-compatibility,rebase,1,2,4,4,1.000000,2.000000,2.000000,0.249265,0.242398,1,1
requests-pytest-compatibility,rebase,2,0,4,4,1.000000,3.000000,3.000000,0.370245,0.300656,1,1
requests-pytest-compatibility,rebase,2,1,4,4,1.000000,3.000000,3.000000,0.343053,0.297980,1,1
requests-pytest-compatibility,rebase,2,2,4,4,1.000000,3.000000,3.000000,0.337695,0.294900,1,1
requests-pytest-compatibility,rebase,4,0,4,4,1.000000,5.000000,5.000000,0.448945,0.397932,1,1
requests-pytest-compatibility,rebase,4,1,4,4,1.000000,5.000000,5.000000,0.412846,0.422718,1,1
requests-pytest-compatibility,rebase,4,2,4,4,1.000000,5.000000,5.000000,0.416106,0.429670,1,1
requests-pytest-compatibility,rebase,8,0,4,4,1.000000,9.000000,9.000000,0.636000,0.620741,1,1
requests-pytest-compatibility,rebase,8,1,4,4,1.000000,9.000000,9.000000,0.631074,0.593966,1,1
requests-pytest-compatibility,rebase,8,2,4,4,1.000000,9.000000,9.000000,0.638391,0.593845,1,1
requests-pytest-compatibility,rebase,16,0,4,4,1.000000,17.000000,17.000000,1.034129,1.009269,1,1
requests-pytest-compatibility,rebase,16,1,4,4,1.000000,17.000000,17.000000,1.123191,1.261344,1,1
requests-pytest-compatibility,rebase,16,2,4,4,1.000000,17.000000,17.000000,1.101554,1.135989,1,1
requests-pytest-compatibility,cherry_pick,0,0,4,4,1.000000,1.000000,1.000000,0.226214,0.188716,0,0
requests-pytest-compatibility,cherry_pick,0,1,4,4,1.000000,1.000000,1.000000,0.189011,0.175464,0,0
requests-pytest-compatibility,cherry_pick,0,2,4,4,1.000000,1.000000,1.000000,0.244667,0.182193,0,0
requests-pytest-compatibility,cherry_pick,1,0,4,4,1.000000,2.000000,2.000000,0.259491,0.285261,1,1
requests-pytest-compatibility,cherry_pick,1,1,4,4,1.000000,2.000000,2.000000,0.255323,0.249505,1,1
requests-pytest-compatibility,cherry_pick,1,2,4,4,1.000000,2.000000,2.000000,0.253016,0.336152,1,1
requests-pytest-compatibility,cherry_pick,2,0,4,4,1.000000,3.000000,3.000000,0.323870,0.311461,1,1
requests-pytest-compatibility,cherry_pick,2,1,4,4,1.000000,3.000000,3.000000,0.339975,0.300723,1,1
requests-pytest-compatibility,cherry_pick,2,2,4,4,1.000000,3.000000,3.000000,0.307876,0.317683,1,1
requests-pytest-compatibility,cherry_pick,4,0,4,4,1.000000,5.000000,5.000000,0.410664,0.399439,1,1
requests-pytest-compatibility,cherry_pick,4,1,4,4,1.000000,5.000000,5.000000,0.413000,0.467106,1,1
requests-pytest-compatibility,cherry_pick,4,2,4,4,1.000000,5.000000,5.000000,0.421961,0.396265,1,1
requests-pytest-compatibility,cherry_pick,8,0,4,4,1.000000,9.000000,9.000000,0.628236,0.623532,1,1
requests-pytest-compatibility,cherry_pick,8,1,4,4,1.000000,9.000000,9.000000,0.675313,0.629103,1,1
requests-pytest-compatibility,cherry_pick,8,2,4,4,1.000000,9.000000,9.000000,0.627533,0.586674,1,1
requests-pytest-compatibility,cherry_pick,16,0,4,4,1.000000,17.000000,17.000000,1.135978,1.019189,1,1
requests-pytest-compatibility,cherry_pick,16,1,4,4,1.000000,17.000000,17.000000,1.063239,1.069173,1,1
requests-pytest-compatibility,cherry_pick,16,2,4,4,1.000000,17.000000,17.000000,1.044214,1.111207,1,1
requests-pytest-compatibility,fork,0,0,4,4,1.000000,1.000000,1.000000,0.204768,0.184410,0,0
requests-pytest-compatibility,fork,0,1,4,4,1.000000,1.000000,1.000000,0.188906,0.175420,0,0
requests-pytest-compatibility,fork,0,2,4,4,1.000000,1.000000,1.000000,0.178579,0.199013,0,0
requests-pytest-compatibility,fork,1,0,4,4,1.000000,2.000000,2.000000,0.260959,0.257461,1,1
requests-pytest-compatibility,fork,1,1,4,4,1.000000,2.000000,2.000000,0.259482,0.252830,1,1
requests-pytest-compatibility,fork,1,2,4,4,1.000000,2.000000,2.000000,0.251436,0.246433,1,1
requests-pytest-compatibility,fork,2,0,4,4,1.000000,3.000000,3.000000,0.319314,0.281412,1,2
requests-pytest-compatibility,fork,2,1,4,4,1.000000,3.000000,3.000000,0.278391,0.303059,1,2
requests-pytest-compatibility,fork,2,2,4,4,1.000000,3.000000,3.000000,0.282296,0.339151,1,2
requests-pytest-compatibility,fork,4,0,4,4,1.000000,5.000000,5.000000,0.354817,0.357830,1,4
requests-pytest-compatibility,fork,4,1,4,4,1.000000,5.000000,5.000000,0.607769,0.344131,1,4
requests-pytest-compatibility,fork,4,2,4,4,1.000000,5.000000,5.000000,0.361891,0.326908,1,4
requests-pytest-compatibility,fork,8,0,4,4,1.000000,9.000000,9.000000,0.519064,0.497829,1,8
requests-pytest-compatibility,fork,8,1,4,4,1.000000,9.000000,9.000000,0.442624,0.465497,1,8
requests-pytest-compatibility,fork,8,2,4,4,1.000000,9.000000,9.000000,0.473989,0.430055,1,8
requests-pytest-compatibility,fork,16,0,4,4,1.000000,17.000000,17.000000,0.690706,1.097436,1,16
requests-pytest-compatibility,fork,16,1,4,4,1.000000,17.000000,17.000000,0.648238,0.701062,1,16
requests-pytest-compatibility,fork,16,2,4,4,1.000000,17.000000,17.000000,0.732494,0.670214,1,16
requests-pytest-compatibility,squash,0,0,4,4,1.000000,1.000000,1.000000,0.207533,0.192130,0,0
requests-pytest-compatibility,squash,0,1,4,4,1.000000,1.000000,1.000000,0.205048,0.257333,0,0
requests-pytest-compatibility,squash,0,2,4,4,1.000000,1.000000,1.000000,0.200369,0.189471,0,0
requests-pytest-compatibility,squash,1,0,4,4,1.000000,1.500000,2.000000,0.277662,0.267143,2,1
requests-pytest-compatibility,squash,1,1,4,4,1.000000,1.500000,2.000000,0.301963,0.275030,2,1
requests-pytest-compatibility,squash,1,2,4,4,1.000000,1.500000,2.000000,0.295185,0.268611,2,1
requests-pytest-compatibility,squash,2,0,4,4,1.000000,2.000000,3.000000,0.333886,0.385284,2,1
requests-pytest-compatibility,squash,2,1,4,4,1.000000,2.000000,3.000000,0.351906,0.316200,2,1
requests-pytest-compatibility,squash,2,2,4,4,1.000000,2.000000,3.000000,0.340729,0.328347,2,1
requests-pytest-compatibility,squash,4,0,4,4,1.000000,3.000000,5.000000,0.454651,0.424816,2,1
requests-pytest-compatibility,squash,4,1,4,4,1.000000,3.000000,5.000000,0.472533,0.458646,2,1
requests-pytest-compatibility,squash,4,2,4,4,1.000000,3.000000,5.000000,0.432689,0.464935,2,1
requests-pytest-compatibility,squash,8,0,4,4,1.000000,5.000000,9.000000,0.677557,0.700898,2,1
requests-pytest-compatibility,squash,8,1,4,4,1.000000,5.000000,9.000000,0.672735,0.782993,2,1
requests-pytest-compatibility,squash,8,2,4,4,1.000000,5.000000,9.000000,0.646504,0.721957,2,1
requests-pytest-compatibility,squash,16,0,4,4,1.000000,9.000000,17.000000,1.103767,1.061591,2,1
requests-pytest-compatibility,squash,16,1,4,4,1.000000,9.000000,17.000000,1.469822,1.354826,2,1
requests-pytest-compatibility,squash,16,2,4,4,1.000000,9.000000,17.000000,1.096003,1.152560,2,1
requests-pytest-compatibility,revert,0,0,4,4,1.000000,1.000000,1.000000,0.259678,0.188108,0,0
requests-pytest-compatibility,revert,0,1,4,4,1.000000,1.000000,1.000000,0.186133,0.175732,0,0
requests-pytest-compatibility,revert,0,2,4,4,1.000000,1.000000,1.000000,0.183661,0.173128,0,0
requests-pytest-compatibility,revert,1,0,4,4,1.000000,2.000000,2.000000,0.280907,0.278018,1,1
requests-pytest-compatibility,revert,1,1,4,4,1.000000,2.000000,2.000000,0.271772,0.282984,1,1
requests-pytest-compatibility,revert,1,2,4,4,1.000000,2.000000,2.000000,0.255838,0.270062,1,1
requests-pytest-compatibility,revert,2,0,4,4,1.000000,3.000000,3.000000,0.325245,0.306559,1,1
requests-pytest-compatibility,revert,2,1,4,4,1.000000,3.000000,3.000000,0.311743,0.300120,1,1
requests-pytest-compatibility,revert,2,2,4,4,1.000000,3.000000,3.000000,0.426931,0.374437,1,1
requests-pytest-compatibility,revert,4,0,4,4,1.000000,5.000000,5.000000,0.417557,0.485494,1,1
requests-pytest-compatibility,revert,4,1,4,4,1.000000,5.000000,5.000000,0.451275,0.415448,1,1
requests-pytest-compatibility,revert,4,2,4,4,1.000000,5.000000,5.000000,0.413096,0.387636,1,1
requests-pytest-compatibility,revert,8,0,4,4,1.000000,9.000000,9.000000,0.654130,0.643782,1,1
requests-pytest-compatibility,revert,8,1,4,4,1.000000,9.000000,9.000000,0.659711,0.695821,1,1
requests-pytest-compatibility,revert,8,2,4,4,1.000000,9.000000,9.000000,0.674372,0.607711,1,1
requests-pytest-compatibility,revert,16,0,4,4,1.000000,17.000000,17.000000,1.282922,1.075071,1,1
requests-pytest-compatibility,revert,16,1,4,4,1.000000,17.000000,17.000000,1.354487,1.081158,1,1
requests-pytest-compatibility,revert,16,2,4,4,1.000000,17.000000,17.000000,1.065095,1.075860,1,1
httpx-client-certificate-path,rebase,0,0,11,11,1.000000,1.000000,1.000000,0.332120,0.248199,0,0
httpx-client-certificate-path,rebase,0,1,11,11,1.000000,1.000000,1.000000,0.274370,0.239615,0,0
httpx-client-certificate-path,rebase,0,2,11,11,1.000000,1.000000,1.000000,0.243936,0.261026,0,0
httpx-client-certificate-path,rebase,1,0,11,11,1.000000,2.000000,2.000000,0.337648,0.358106,1,1
httpx-client-certificate-path,rebase,1,1,11,11,1.000000,2.000000,2.000000,0.324161,0.348275,1,1
httpx-client-certificate-path,rebase,1,2,11,11,1.000000,2.000000,2.000000,0.317246,0.352774,1,1
httpx-client-certificate-path,rebase,2,0,11,11,1.000000,3.000000,3.000000,0.375455,0.394054,1,1
httpx-client-certificate-path,rebase,2,1,11,11,1.000000,3.000000,3.000000,0.407345,0.379999,1,1
httpx-client-certificate-path,rebase,2,2,11,11,1.000000,3.000000,3.000000,0.423574,0.370543,1,1
httpx-client-certificate-path,rebase,4,0,11,11,1.000000,5.000000,5.000000,0.515613,0.519565,1,1
httpx-client-certificate-path,rebase,4,1,11,11,1.000000,5.000000,5.000000,0.530474,0.494698,1,1
httpx-client-certificate-path,rebase,4,2,11,11,1.000000,5.000000,5.000000,0.509450,0.515400,1,1
httpx-client-certificate-path,rebase,8,0,11,11,1.000000,9.000000,9.000000,0.755853,0.732345,1,1
httpx-client-certificate-path,rebase,8,1,11,11,1.000000,9.000000,9.000000,0.771323,0.838972,1,1
httpx-client-certificate-path,rebase,8,2,11,11,1.000000,9.000000,9.000000,0.743416,0.744349,1,1
httpx-client-certificate-path,rebase,16,0,11,11,1.000000,17.000000,17.000000,1.175964,1.198641,1,1
httpx-client-certificate-path,rebase,16,1,11,11,1.000000,17.000000,17.000000,1.203653,1.176016,1,1
httpx-client-certificate-path,rebase,16,2,11,11,1.000000,17.000000,17.000000,1.449159,1.309679,1,1
httpx-client-certificate-path,cherry_pick,0,0,11,11,1.000000,1.000000,1.000000,0.319445,0.255773,0,0
httpx-client-certificate-path,cherry_pick,0,1,11,11,1.000000,1.000000,1.000000,0.272984,0.240005,0,0
httpx-client-certificate-path,cherry_pick,0,2,11,11,1.000000,1.000000,1.000000,0.245632,0.263081,0,0
httpx-client-certificate-path,cherry_pick,1,0,11,11,1.000000,2.000000,2.000000,0.335125,0.354117,1,1
httpx-client-certificate-path,cherry_pick,1,1,11,11,1.000000,2.000000,2.000000,0.327234,0.339853,1,1
httpx-client-certificate-path,cherry_pick,1,2,11,11,1.000000,2.000000,2.000000,0.322777,0.349607,1,1
httpx-client-certificate-path,cherry_pick,2,0,11,11,1.000000,3.000000,3.000000,0.393824,0.404024,1,1
httpx-client-certificate-path,cherry_pick,2,1,11,11,1.000000,3.000000,3.000000,0.393846,0.386290,1,1
httpx-client-certificate-path,cherry_pick,2,2,11,11,1.000000,3.000000,3.000000,0.431526,0.373941,1,1
httpx-client-certificate-path,cherry_pick,4,0,11,11,1.000000,5.000000,5.000000,0.631139,0.546827,1,1
httpx-client-certificate-path,cherry_pick,4,1,11,11,1.000000,5.000000,5.000000,0.514401,0.479790,1,1
httpx-client-certificate-path,cherry_pick,4,2,11,11,1.000000,5.000000,5.000000,0.511765,0.579686,1,1
httpx-client-certificate-path,cherry_pick,8,0,11,11,1.000000,9.000000,9.000000,0.725789,0.719754,1,1
httpx-client-certificate-path,cherry_pick,8,1,11,11,1.000000,9.000000,9.000000,0.708749,0.748595,1,1
httpx-client-certificate-path,cherry_pick,8,2,11,11,1.000000,9.000000,9.000000,0.755795,0.721177,1,1
httpx-client-certificate-path,cherry_pick,16,0,11,11,1.000000,17.000000,17.000000,1.197077,1.193271,1,1
httpx-client-certificate-path,cherry_pick,16,1,11,11,1.000000,17.000000,17.000000,1.202208,1.275970,1,1
httpx-client-certificate-path,cherry_pick,16,2,11,11,1.000000,17.000000,17.000000,1.208516,1.176945,1,1
httpx-client-certificate-path,fork,0,0,11,11,1.000000,1.000000,1.000000,0.303398,0.429663,0,0
httpx-client-certificate-path,fork,0,1,11,11,1.000000,1.000000,1.000000,0.282697,0.242336,0,0
httpx-client-certificate-path,fork,0,2,11,11,1.000000,1.000000,1.000000,0.333146,0.574289,0,0
httpx-client-certificate-path,fork,1,0,11,11,1.000000,2.000000,2.000000,0.387202,0.326065,1,1
httpx-client-certificate-path,fork,1,1,11,11,1.000000,2.000000,2.000000,0.384445,0.428147,1,1
httpx-client-certificate-path,fork,1,2,11,11,1.000000,2.000000,2.000000,0.331145,0.320487,1,1
httpx-client-certificate-path,fork,2,0,11,11,1.000000,3.000000,3.000000,0.361902,0.357031,1,2
httpx-client-certificate-path,fork,2,1,11,11,1.000000,3.000000,3.000000,0.357958,0.350130,1,2
httpx-client-certificate-path,fork,2,2,11,11,1.000000,3.000000,3.000000,0.452758,0.401701,1,2
httpx-client-certificate-path,fork,4,0,11,11,1.000000,5.000000,5.000000,0.441163,0.416425,1,4
httpx-client-certificate-path,fork,4,1,11,11,1.000000,5.000000,5.000000,0.456058,0.417965,1,4
httpx-client-certificate-path,fork,4,2,11,11,1.000000,5.000000,5.000000,0.409208,0.417849,1,4
httpx-client-certificate-path,fork,8,0,11,11,1.000000,9.000000,9.000000,0.561248,0.520503,1,8
httpx-client-certificate-path,fork,8,1,11,11,1.000000,9.000000,9.000000,0.526601,0.602052,1,8
httpx-client-certificate-path,fork,8,2,11,11,1.000000,9.000000,9.000000,0.557384,0.531123,1,8
httpx-client-certificate-path,fork,16,0,11,11,1.000000,17.000000,17.000000,0.807896,0.786695,1,16
httpx-client-certificate-path,fork,16,1,11,11,1.000000,17.000000,17.000000,0.813269,0.777120,1,16
httpx-client-certificate-path,fork,16,2,11,11,1.000000,17.000000,17.000000,0.789404,0.788615,1,16
httpx-client-certificate-path,squash,0,0,11,11,1.000000,1.000000,1.000000,0.582605,0.260885,0,0
httpx-client-certificate-path,squash,0,1,11,11,1.000000,1.000000,1.000000,0.308123,0.343958,0,0
httpx-client-certificate-path,squash,0,2,11,11,1.000000,1.000000,1.000000,0.279308,0.284506,0,0
httpx-client-certificate-path,squash,1,0,11,11,1.000000,1.500000,2.000000,0.488576,0.420465,2,1
httpx-client-certificate-path,squash,1,1,11,11,1.000000,1.500000,2.000000,0.388162,0.491725,2,1
httpx-client-certificate-path,squash,1,2,11,11,1.000000,1.500000,2.000000,0.358394,0.345294,2,1
httpx-client-certificate-path,squash,2,0,11,11,1.000000,2.000000,3.000000,0.407147,0.418241,2,1
httpx-client-certificate-path,squash,2,1,11,11,1.000000,2.000000,3.000000,0.403383,0.434083,2,1
httpx-client-certificate-path,squash,2,2,11,11,1.000000,2.000000,3.000000,0.429223,0.392454,2,1
httpx-client-certificate-path,squash,4,0,11,11,1.000000,3.000000,5.000000,0.535096,0.612491,2,1
httpx-client-certificate-path,squash,4,1,11,11,1.000000,3.000000,5.000000,0.557427,0.551473,2,1
httpx-client-certificate-path,squash,4,2,11,11,1.000000,3.000000,5.000000,0.599866,0.513017,2,1
httpx-client-certificate-path,squash,8,0,11,11,1.000000,5.000000,9.000000,0.773693,0.722512,2,1
httpx-client-certificate-path,squash,8,1,11,11,1.000000,5.000000,9.000000,0.838018,0.760617,2,1
httpx-client-certificate-path,squash,8,2,11,11,1.000000,5.000000,9.000000,0.740705,0.763707,2,1
httpx-client-certificate-path,squash,16,0,11,11,1.000000,9.000000,17.000000,1.306591,1.230323,2,1
httpx-client-certificate-path,squash,16,1,11,11,1.000000,9.000000,17.000000,1.229454,1.213552,2,1
httpx-client-certificate-path,squash,16,2,11,11,1.000000,9.000000,17.000000,1.373848,1.409545,2,1
httpx-client-certificate-path,revert,0,0,11,11,1.000000,1.000000,1.000000,0.259169,0.248847,0,0
httpx-client-certificate-path,revert,0,1,11,11,1.000000,1.000000,1.000000,0.277753,0.239077,0,0
httpx-client-certificate-path,revert,0,2,11,11,1.000000,1.000000,1.000000,0.275571,0.237840,0,0
httpx-client-certificate-path,revert,1,0,11,11,1.000000,2.000000,2.000000,0.330997,0.357527,1,1
httpx-client-certificate-path,revert,1,1,11,11,1.000000,2.000000,2.000000,0.336012,0.375498,1,1
httpx-client-certificate-path,revert,1,2,11,11,1.000000,2.000000,2.000000,0.315147,0.537326,1,1
httpx-client-certificate-path,revert,2,0,11,11,1.000000,3.000000,3.000000,0.522127,0.383481,1,1
httpx-client-certificate-path,revert,2,1,11,11,1.000000,3.000000,3.000000,0.382481,0.382957,1,1
httpx-client-certificate-path,revert,2,2,11,11,1.000000,3.000000,3.000000,0.449482,0.474030,1,1
httpx-client-certificate-path,revert,4,0,11,11,1.000000,5.000000,5.000000,0.550587,0.498357,1,1
httpx-client-certificate-path,revert,4,1,11,11,1.000000,5.000000,5.000000,0.504162,0.605231,1,1
httpx-client-certificate-path,revert,4,2,11,11,1.000000,5.000000,5.000000,0.540782,0.536897,1,1
httpx-client-certificate-path,revert,8,0,11,11,1.000000,9.000000,9.000000,0.749695,0.734249,1,1
httpx-client-certificate-path,revert,8,1,11,11,1.000000,9.000000,9.000000,0.770777,0.751870,1,1
httpx-client-certificate-path,revert,8,2,11,11,1.000000,9.000000,9.000000,0.744303,0.811064,1,1
httpx-client-certificate-path,revert,16,0,11,11,1.000000,17.000000,17.000000,1.214939,1.214973,1,1
httpx-client-certificate-path,revert,16,1,11,11,1.000000,17.000000,17.000000,1.212275,1.181630,1,1
httpx-client-certificate-path,revert,16,2,11,11,1.000000,17.000000,17.000000,1.214101,1.207458,1,1
django-reverse-test-sequence,rebase,0,0,4,4,1.000000,1.000000,1.000000,0.200308,0.181749,0,0
django-reverse-test-sequence,rebase,0,1,4,4,1.000000,1.000000,1.000000,0.177712,0.171991,0,0
django-reverse-test-sequence,rebase,0,2,4,4,1.000000,1.000000,1.000000,0.171390,0.192359,0,0
django-reverse-test-sequence,rebase,1,0,4,4,1.000000,2.000000,2.000000,0.451467,0.260982,1,1
django-reverse-test-sequence,rebase,1,1,4,4,1.000000,2.000000,2.000000,0.260012,0.243993,1,1
django-reverse-test-sequence,rebase,1,2,4,4,1.000000,2.000000,2.000000,0.325146,0.243163,1,1
django-reverse-test-sequence,rebase,2,0,4,4,1.000000,3.000000,3.000000,0.363676,0.306259,1,1
django-reverse-test-sequence,rebase,2,1,4,4,1.000000,3.000000,3.000000,0.337816,0.305242,1,1
django-reverse-test-sequence,rebase,2,2,4,4,1.000000,3.000000,3.000000,0.327374,0.305854,1,1
django-reverse-test-sequence,rebase,4,0,4,4,1.000000,5.000000,5.000000,0.467258,0.553351,1,1
django-reverse-test-sequence,rebase,4,1,4,4,1.000000,5.000000,5.000000,0.498241,0.717257,1,1
django-reverse-test-sequence,rebase,4,2,4,4,1.000000,5.000000,5.000000,0.463603,0.417116,1,1
django-reverse-test-sequence,rebase,8,0,4,4,1.000000,9.000000,9.000000,0.737380,0.605273,1,1
django-reverse-test-sequence,rebase,8,1,4,4,1.000000,9.000000,9.000000,0.655964,0.620423,1,1
django-reverse-test-sequence,rebase,8,2,4,4,1.000000,9.000000,9.000000,0.636284,0.596673,1,1
django-reverse-test-sequence,rebase,16,0,4,4,1.000000,17.000000,17.000000,1.061504,1.228915,1,1
django-reverse-test-sequence,rebase,16,1,4,4,1.000000,17.000000,17.000000,2.824294,1.410428,1,1
django-reverse-test-sequence,rebase,16,2,4,4,1.000000,17.000000,17.000000,1.533732,1.072639,1,1
django-reverse-test-sequence,cherry_pick,0,0,4,4,1.000000,1.000000,1.000000,0.311099,0.184305,0,0
django-reverse-test-sequence,cherry_pick,0,1,4,4,1.000000,1.000000,1.000000,1.260696,0.212086,0,0
django-reverse-test-sequence,cherry_pick,0,2,4,4,1.000000,1.000000,1.000000,0.188939,0.184145,0,0
django-reverse-test-sequence,cherry_pick,1,0,4,4,1.000000,2.000000,2.000000,0.353713,0.356372,1,1
django-reverse-test-sequence,cherry_pick,1,1,4,4,1.000000,2.000000,2.000000,0.255724,0.246683,1,1
django-reverse-test-sequence,cherry_pick,1,2,4,4,1.000000,2.000000,2.000000,0.268443,0.256599,1,1
django-reverse-test-sequence,cherry_pick,2,0,4,4,1.000000,3.000000,3.000000,0.319603,0.299828,1,1
django-reverse-test-sequence,cherry_pick,2,1,4,4,1.000000,3.000000,3.000000,0.382911,0.410303,1,1
django-reverse-test-sequence,cherry_pick,2,2,4,4,1.000000,3.000000,3.000000,0.307758,0.299978,1,1
django-reverse-test-sequence,cherry_pick,4,0,4,4,1.000000,5.000000,5.000000,0.424834,0.407856,1,1
django-reverse-test-sequence,cherry_pick,4,1,4,4,1.000000,5.000000,5.000000,0.418679,0.467616,1,1
django-reverse-test-sequence,cherry_pick,4,2,4,4,1.000000,5.000000,5.000000,0.536097,0.419300,1,1
django-reverse-test-sequence,cherry_pick,8,0,4,4,1.000000,9.000000,9.000000,0.609599,0.629032,1,1
django-reverse-test-sequence,cherry_pick,8,1,4,4,1.000000,9.000000,9.000000,0.771089,0.599923,1,1
django-reverse-test-sequence,cherry_pick,8,2,4,4,1.000000,9.000000,9.000000,0.612938,0.623714,1,1
django-reverse-test-sequence,cherry_pick,16,0,4,4,1.000000,17.000000,17.000000,1.225036,1.035892,1,1
django-reverse-test-sequence,cherry_pick,16,1,4,4,1.000000,17.000000,17.000000,1.188785,1.242911,1,1
django-reverse-test-sequence,cherry_pick,16,2,4,4,1.000000,17.000000,17.000000,1.073178,1.194793,1,1
django-reverse-test-sequence,fork,0,0,4,4,1.000000,1.000000,1.000000,0.196148,0.178792,0,0
django-reverse-test-sequence,fork,0,1,4,4,1.000000,1.000000,1.000000,0.185692,0.254612,0,0
django-reverse-test-sequence,fork,0,2,4,4,1.000000,1.000000,1.000000,0.180728,0.195082,0,0
django-reverse-test-sequence,fork,1,0,4,4,1.000000,2.000000,2.000000,0.332406,0.313063,1,1
django-reverse-test-sequence,fork,1,1,4,4,1.000000,2.000000,2.000000,0.254588,0.251420,1,1
django-reverse-test-sequence,fork,1,2,4,4,1.000000,2.000000,2.000000,0.271790,0.248556,1,1
django-reverse-test-sequence,fork,2,0,4,4,1.000000,3.000000,3.000000,0.301452,0.274066,1,2
django-reverse-test-sequence,fork,2,1,4,4,1.000000,3.000000,3.000000,0.266917,0.325800,1,2
django-reverse-test-sequence,fork,2,2,4,4,1.000000,3.000000,3.000000,0.331383,0.284064,1,2
django-reverse-test-sequence,fork,4,0,4,4,1.000000,5.000000,5.000000,0.369078,0.518443,1,4
django-reverse-test-sequence,fork,4,1,4,4,1.000000,5.000000,5.000000,0.344178,0.322265,1,4
django-reverse-test-sequence,fork,4,2,4,4,1.000000,5.000000,5.000000,0.417180,0.347595,1,4
django-reverse-test-sequence,fork,8,0,4,4,1.000000,9.000000,9.000000,0.708867,0.495330,1,8
django-reverse-test-sequence,fork,8,1,4,4,1.000000,9.000000,9.000000,0.454081,0.438248,1,8
django-reverse-test-sequence,fork,8,2,4,4,1.000000,9.000000,9.000000,0.561108,0.531626,1,8
django-reverse-test-sequence,fork,16,0,4,4,1.000000,17.000000,17.000000,0.657936,0.676437,1,16
django-reverse-test-sequence,fork,16,1,4,4,1.000000,17.000000,17.000000,0.846537,0.672944,1,16
django-reverse-test-sequence,fork,16,2,4,4,1.000000,17.000000,17.000000,0.741541,0.661486,1,16
django-reverse-test-sequence,squash,0,0,4,4,1.000000,1.000000,1.000000,0.272598,0.201542,0,0
django-reverse-test-sequence,squash,0,1,4,4,1.000000,1.000000,1.000000,0.222450,0.191764,0,0
django-reverse-test-sequence,squash,0,2,4,4,1.000000,1.000000,1.000000,0.197226,0.186560,0,0
django-reverse-test-sequence,squash,1,0,4,4,1.000000,1.500000,2.000000,0.283996,0.275432,2,1
django-reverse-test-sequence,squash,1,1,4,4,1.000000,1.500000,2.000000,0.274218,0.258342,2,1
django-reverse-test-sequence,squash,1,2,4,4,1.000000,1.500000,2.000000,0.323724,0.253273,2,1
django-reverse-test-sequence,squash,2,0,4,4,1.000000,2.000000,3.000000,0.372077,0.332179,2,1
django-reverse-test-sequence,squash,2,1,4,4,1.000000,2.000000,3.000000,0.345326,0.332592,2,1
django-reverse-test-sequence,squash,2,2,4,4,1.000000,2.000000,3.000000,0.355920,0.319159,2,1
django-reverse-test-sequence,squash,4,0,4,4,1.000000,3.000000,5.000000,0.479864,0.511368,2,1
django-reverse-test-sequence,squash,4,1,4,4,1.000000,3.000000,5.000000,0.441400,0.450455,2,1
django-reverse-test-sequence,squash,4,2,4,4,1.000000,3.000000,5.000000,0.463988,0.430225,2,1
django-reverse-test-sequence,squash,8,0,4,4,1.000000,5.000000,9.000000,0.630480,0.657073,2,1
django-reverse-test-sequence,squash,8,1,4,4,1.000000,5.000000,9.000000,0.645936,0.652806,2,1
django-reverse-test-sequence,squash,8,2,4,4,1.000000,5.000000,9.000000,0.640352,0.653114,2,1
django-reverse-test-sequence,squash,16,0,4,4,1.000000,9.000000,17.000000,1.219989,1.253519,2,1
django-reverse-test-sequence,squash,16,1,4,4,1.000000,9.000000,17.000000,1.206891,1.105223,2,1
django-reverse-test-sequence,squash,16,2,4,4,1.000000,9.000000,17.000000,1.495516,1.111276,2,1
django-reverse-test-sequence,revert,0,0,4,4,1.000000,1.000000,1.000000,0.198450,0.181987,0,0
django-reverse-test-sequence,revert,0,1,4,4,1.000000,1.000000,1.000000,0.216201,0.253525,0,0
django-reverse-test-sequence,revert,0,2,4,4,1.000000,1.000000,1.000000,0.183540,0.207094,0,0
django-reverse-test-sequence,revert,1,0,4,4,1.000000,2.000000,2.000000,0.269284,0.251168,1,1
django-reverse-test-sequence,revert,1,1,4,4,1.000000,2.000000,2.000000,0.295791,0.249342,1,1
django-reverse-test-sequence,revert,1,2,4,4,1.000000,2.000000,2.000000,0.278016,0.243923,1,1
django-reverse-test-sequence,revert,2,0,4,4,1.000000,3.000000,3.000000,0.309330,0.352324,1,1
django-reverse-test-sequence,revert,2,1,4,4,1.000000,3.000000,3.000000,0.316592,0.327995,1,1
django-reverse-test-sequence,revert,2,2,4,4,1.000000,3.000000,3.000000,0.320908,0.369534,1,1
django-reverse-test-sequence,revert,4,0,4,4,1.000000,5.000000,5.000000,0.443757,0.407061,1,1
django-reverse-test-sequence,revert,4,1,4,4,1.000000,5.000000,5.000000,0.458815,0.405175,1,1
django-reverse-test-sequence,revert,4,2,4,4,1.000000,5.000000,5.000000,0.405788,0.402655,1,1
django-reverse-test-sequence,revert,8,0,4,4,1.000000,9.000000,9.000000,0.653436,0.599828,1,1
django-reverse-test-sequence,revert,8,1,4,4,1.000000,9.000000,9.000000,0.764404,0.630609,1,1
django-reverse-test-sequence,revert,8,2,4,4,1.000000,9.000000,9.000000,0.707006,0.627636,1,1
django-reverse-test-sequence,revert,16,0,4,4,1.000000,17.000000,17.000000,1.059093,1.083820,1,1
django-reverse-test-sequence,revert,16,1,4,4,1.000000,17.000000,17.000000,1.322621,1.079620,1,1
django-reverse-test-sequence,revert,16,2,4,4,1.000000,17.000000,17.000000,1.081389,1.181338,1,1
fastapi-metadata-typo,rebase,0,0,4,4,1.000000,1.000000,1.000000,0.200827,0.205679,0,0
fastapi-metadata-typo,rebase,0,1,4,4,1.000000,1.000000,1.000000,0.184358,0.173535,0,0
fastapi-metadata-typo,rebase,0,2,4,4,1.000000,1.000000,1.000000,0.200323,0.177053,0,0
fastapi-metadata-typo,rebase,1,0,4,4,1.000000,2.000000,2.000000,0.332404,0.254942,1,1
fastapi-metadata-typo,rebase,1,1,4,4,1.000000,2.000000,2.000000,0.254119,0.244700,1,1
fastapi-metadata-typo,rebase,1,2,4,4,1.000000,2.000000,2.000000,0.279916,0.244156,1,1
fastapi-metadata-typo,rebase,2,0,4,4,1.000000,3.000000,3.000000,0.336003,0.302244,1,1
fastapi-metadata-typo,rebase,2,1,4,4,1.000000,3.000000,3.000000,0.321693,0.293937,1,1
fastapi-metadata-typo,rebase,2,2,4,4,1.000000,3.000000,3.000000,0.326857,0.303590,1,1
fastapi-metadata-typo,rebase,4,0,4,4,1.000000,5.000000,5.000000,0.441436,0.421991,1,1
fastapi-metadata-typo,rebase,4,1,4,4,1.000000,5.000000,5.000000,0.473079,0.405151,1,1
fastapi-metadata-typo,rebase,4,2,4,4,1.000000,5.000000,5.000000,0.509446,0.434785,1,1
fastapi-metadata-typo,rebase,8,0,4,4,1.000000,9.000000,9.000000,0.671056,0.644065,1,1
fastapi-metadata-typo,rebase,8,1,4,4,1.000000,9.000000,9.000000,0.634442,0.694397,1,1
fastapi-metadata-typo,rebase,8,2,4,4,1.000000,9.000000,9.000000,0.682862,0.619687,1,1
fastapi-metadata-typo,rebase,16,0,4,4,1.000000,17.000000,17.000000,1.070794,1.012763,1,1
fastapi-metadata-typo,rebase,16,1,4,4,1.000000,17.000000,17.000000,1.148362,1.041726,1,1
fastapi-metadata-typo,rebase,16,2,4,4,1.000000,17.000000,17.000000,1.045171,1.022716,1,1
fastapi-metadata-typo,cherry_pick,0,0,4,4,1.000000,1.000000,1.000000,0.181109,0.181697,0,0
fastapi-metadata-typo,cherry_pick,0,1,4,4,1.000000,1.000000,1.000000,0.216315,0.212823,0,0
fastapi-metadata-typo,cherry_pick,0,2,4,4,1.000000,1.000000,1.000000,0.186891,0.172212,0,0
fastapi-metadata-typo,cherry_pick,1,0,4,4,1.000000,2.000000,2.000000,0.258712,0.250298,1,1
fastapi-metadata-typo,cherry_pick,1,1,4,4,1.000000,2.000000,2.000000,0.273688,0.241847,1,1
fastapi-metadata-typo,cherry_pick,1,2,4,4,1.000000,2.000000,2.000000,0.256236,0.275989,1,1
fastapi-metadata-typo,cherry_pick,2,0,4,4,1.000000,3.000000,3.000000,0.307571,0.316127,1,1
fastapi-metadata-typo,cherry_pick,2,1,4,4,1.000000,3.000000,3.000000,0.288015,0.294304,1,1
fastapi-metadata-typo,cherry_pick,2,2,4,4,1.000000,3.000000,3.000000,0.311173,0.557976,1,1
fastapi-metadata-typo,cherry_pick,4,0,4,4,1.000000,5.000000,5.000000,0.398828,0.421675,1,1
fastapi-metadata-typo,cherry_pick,4,1,4,4,1.000000,5.000000,5.000000,0.466543,0.406363,1,1
fastapi-metadata-typo,cherry_pick,4,2,4,4,1.000000,5.000000,5.000000,0.469616,0.454230,1,1
fastapi-metadata-typo,cherry_pick,8,0,4,4,1.000000,9.000000,9.000000,0.642245,0.599296,1,1
fastapi-metadata-typo,cherry_pick,8,1,4,4,1.000000,9.000000,9.000000,0.652365,0.593993,1,1
fastapi-metadata-typo,cherry_pick,8,2,4,4,1.000000,9.000000,9.000000,0.611193,0.630502,1,1
fastapi-metadata-typo,cherry_pick,16,0,4,4,1.000000,17.000000,17.000000,1.030284,1.002791,1,1
fastapi-metadata-typo,cherry_pick,16,1,4,4,1.000000,17.000000,17.000000,1.085137,1.032080,1,1
fastapi-metadata-typo,cherry_pick,16,2,4,4,1.000000,17.000000,17.000000,1.039572,1.066492,1,1
fastapi-metadata-typo,fork,0,0,4,4,1.000000,1.000000,1.000000,0.197862,0.208053,0,0
fastapi-metadata-typo,fork,0,1,4,4,1.000000,1.000000,1.000000,0.184626,0.175760,0,0
fastapi-metadata-typo,fork,0,2,4,4,1.000000,1.000000,1.000000,0.176370,0.198244,0,0
fastapi-metadata-typo,fork,1,0,4,4,1.000000,2.000000,2.000000,0.254014,0.262087,1,1
fastapi-metadata-typo,fork,1,1,4,4,1.000000,2.000000,2.000000,0.251672,0.241978,1,1
fastapi-metadata-typo,fork,1,2,4,4,1.000000,2.000000,2.000000,0.287884,0.246539,1,1
fastapi-metadata-typo,fork,2,0,4,4,1.000000,3.000000,3.000000,0.303225,0.273923,1,2
fastapi-metadata-typo,fork,2,1,4,4,1.000000,3.000000,3.000000,0.270759,0.290696,1,2
fastapi-metadata-typo,fork,2,2,4,4,1.000000,3.000000,3.000000,0.289843,0.306622,1,2
fastapi-metadata-typo,fork,4,0,4,4,1.000000,5.000000,5.000000,0.330637,0.354599,1,4
fastapi-metadata-typo,fork,4,1,4,4,1.000000,5.000000,5.000000,0.395575,0.418627,1,4
fastapi-metadata-typo,fork,4,2,4,4,1.000000,5.000000,5.000000,0.374090,0.447390,1,4
fastapi-metadata-typo,fork,8,0,4,4,1.000000,9.000000,9.000000,0.486752,0.441939,1,8
fastapi-metadata-typo,fork,8,1,4,4,1.000000,9.000000,9.000000,0.525637,0.477709,1,8
fastapi-metadata-typo,fork,8,2,4,4,1.000000,9.000000,9.000000,0.480887,0.460329,1,8
fastapi-metadata-typo,fork,16,0,4,4,1.000000,17.000000,17.000000,0.720232,0.914921,1,16
fastapi-metadata-typo,fork,16,1,4,4,1.000000,17.000000,17.000000,0.814457,0.746329,1,16
fastapi-metadata-typo,fork,16,2,4,4,1.000000,17.000000,17.000000,0.774451,0.673121,1,16
fastapi-metadata-typo,squash,0,0,4,4,1.000000,1.000000,1.000000,0.242766,0.232980,0,0
fastapi-metadata-typo,squash,0,1,4,4,1.000000,1.000000,1.000000,0.203746,0.194803,0,0
fastapi-metadata-typo,squash,0,2,4,4,1.000000,1.000000,1.000000,0.203693,0.189753,0,0
fastapi-metadata-typo,squash,1,0,4,4,1.000000,1.500000,2.000000,0.435109,0.275128,2,1
fastapi-metadata-typo,squash,1,1,4,4,1.000000,1.500000,2.000000,0.312056,0.271763,2,1
fastapi-metadata-typo,squash,1,2,4,4,1.000000,1.500000,2.000000,0.266992,0.325800,2,1
fastapi-metadata-typo,squash,2,0,4,4,1.000000,2.000000,3.000000,0.412620,0.360658,2,1
fastapi-metadata-typo,squash,2,1,4,4,1.000000,2.000000,3.000000,0.347903,0.315941,2,1
fastapi-metadata-typo,squash,2,2,4,4,1.000000,2.000000,3.000000,0.351537,0.329580,2,1
fastapi-metadata-typo,squash,4,0,4,4,1.000000,3.000000,5.000000,0.540013,0.427635,2,1
fastapi-metadata-typo,squash,4,1,4,4,1.000000,3.000000,5.000000,0.445693,0.465826,2,1
fastapi-metadata-typo,squash,4,2,4,4,1.000000,3.000000,5.000000,0.484262,0.427396,2,1
fastapi-metadata-typo,squash,8,0,4,4,1.000000,5.000000,9.000000,0.663027,0.682312,2,1
fastapi-metadata-typo,squash,8,1,4,4,1.000000,5.000000,9.000000,0.636949,0.671970,2,1
fastapi-metadata-typo,squash,8,2,4,4,1.000000,5.000000,9.000000,0.667990,0.758982,2,1
fastapi-metadata-typo,squash,16,0,4,4,1.000000,9.000000,17.000000,1.286802,1.243917,2,1
fastapi-metadata-typo,squash,16,1,4,4,1.000000,9.000000,17.000000,1.112523,1.267913,2,1
fastapi-metadata-typo,squash,16,2,4,4,1.000000,9.000000,17.000000,1.157680,1.127527,2,1
fastapi-metadata-typo,revert,0,0,4,4,1.000000,1.000000,1.000000,0.193252,0.184554,0,0
fastapi-metadata-typo,revert,0,1,4,4,1.000000,1.000000,1.000000,0.182914,0.203888,0,0
fastapi-metadata-typo,revert,0,2,4,4,1.000000,1.000000,1.000000,0.174163,0.168806,0,0
fastapi-metadata-typo,revert,1,0,4,4,1.000000,2.000000,2.000000,0.286177,0.249076,1,1
fastapi-metadata-typo,revert,1,1,4,4,1.000000,2.000000,2.000000,0.251052,0.299923,1,1
fastapi-metadata-typo,revert,1,2,4,4,1.000000,2.000000,2.000000,0.254609,0.243528,1,1
fastapi-metadata-typo,revert,2,0,4,4,1.000000,3.000000,3.000000,0.308151,0.306888,1,1
fastapi-metadata-typo,revert,2,1,4,4,1.000000,3.000000,3.000000,0.315757,0.302684,1,1
fastapi-metadata-typo,revert,2,2,4,4,1.000000,3.000000,3.000000,0.304668,0.307583,1,1
fastapi-metadata-typo,revert,4,0,4,4,1.000000,5.000000,5.000000,0.452363,0.408703,1,1
fastapi-metadata-typo,revert,4,1,4,4,1.000000,5.000000,5.000000,0.407986,0.437693,1,1
fastapi-metadata-typo,revert,4,2,4,4,1.000000,5.000000,5.000000,0.542625,0.405934,1,1
fastapi-metadata-typo,revert,8,0,4,4,1.000000,9.000000,9.000000,0.690745,0.657952,1,1
fastapi-metadata-typo,revert,8,1,4,4,1.000000,9.000000,9.000000,0.639167,0.642919,1,1
fastapi-metadata-typo,revert,8,2,4,4,1.000000,9.000000,9.000000,0.631852,0.641978,1,1
fastapi-metadata-typo,revert,16,0,4,4,1.000000,17.000000,17.000000,1.062685,1.063649,1,1
fastapi-metadata-typo,revert,16,1,4,4,1.000000,17.000000,17.000000,1.065936,1.036662,1,1
fastapi-metadata-typo,revert,16,2,4,4,1.000000,17.000000,17.000000,1.053745,1.039110,1,1
serde-json-buffered-reader,rebase,0,0,10,10,1.000000,1.000000,1.000000,0.194563,0.208137,0,0
serde-json-buffered-reader,rebase,0,1,10,10,1.000000,1.000000,1.000000,0.183345,0.170566,0,0
serde-json-buffered-reader,rebase,0,2,10,10,1.000000,1.000000,1.000000,0.333102,0.245323,0,0
serde-json-buffered-reader,rebase,1,0,10,10,1.000000,2.000000,2.000000,0.251887,0.385437,1,1
serde-json-buffered-reader,rebase,1,1,10,10,1.000000,2.000000,2.000000,0.259194,0.269382,1,1
serde-json-buffered-reader,rebase,1,2,10,10,1.000000,2.000000,2.000000,0.256432,0.246472,1,1
serde-json-buffered-reader,rebase,2,0,10,10,1.000000,3.000000,3.000000,0.333718,0.412277,1,1
serde-json-buffered-reader,rebase,2,1,10,10,1.000000,3.000000,3.000000,0.305124,0.305384,1,1
serde-json-buffered-reader,rebase,2,2,10,10,1.000000,3.000000,3.000000,0.300148,0.294955,1,1
serde-json-buffered-reader,rebase,4,0,10,10,1.000000,5.000000,5.000000,0.423953,0.398437,1,1
serde-json-buffered-reader,rebase,4,1,10,10,1.000000,5.000000,5.000000,0.466942,0.601592,1,1
serde-json-buffered-reader,rebase,4,2,10,10,1.000000,5.000000,5.000000,0.460896,0.408737,1,1
serde-json-buffered-reader,rebase,8,0,10,10,1.000000,9.000000,9.000000,0.662499,0.782869,1,1
serde-json-buffered-reader,rebase,8,1,10,10,1.000000,9.000000,9.000000,0.886024,0.617416,1,1
serde-json-buffered-reader,rebase,8,2,10,10,1.000000,9.000000,9.000000,0.652935,0.609366,1,1
serde-json-buffered-reader,rebase,16,0,10,10,1.000000,17.000000,17.000000,1.059967,1.049417,1,1
serde-json-buffered-reader,rebase,16,1,10,10,1.000000,17.000000,17.000000,1.056437,1.017036,1,1
serde-json-buffered-reader,rebase,16,2,10,10,1.000000,17.000000,17.000000,1.039987,1.025431,1,1
serde-json-buffered-reader,cherry_pick,0,0,10,10,1.000000,1.000000,1.000000,0.224474,0.218581,0,0
serde-json-buffered-reader,cherry_pick,0,1,10,10,1.000000,1.000000,1.000000,0.181093,0.172648,0,0
serde-json-buffered-reader,cherry_pick,0,2,10,10,1.000000,1.000000,1.000000,0.180709,0.169568,0,0
serde-json-buffered-reader,cherry_pick,1,0,10,10,1.000000,2.000000,2.000000,0.257206,0.282232,1,1
serde-json-buffered-reader,cherry_pick,1,1,10,10,1.000000,2.000000,2.000000,0.250020,0.243465,1,1
serde-json-buffered-reader,cherry_pick,1,2,10,10,1.000000,2.000000,2.000000,0.298786,0.289955,1,1
serde-json-buffered-reader,cherry_pick,2,0,10,10,1.000000,3.000000,3.000000,0.380140,0.300193,1,1
serde-json-buffered-reader,cherry_pick,2,1,10,10,1.000000,3.000000,3.000000,0.305689,0.305975,1,1
serde-json-buffered-reader,cherry_pick,2,2,10,10,1.000000,3.000000,3.000000,0.309434,0.300268,1,1
serde-json-buffered-reader,cherry_pick,4,0,10,10,1.000000,5.000000,5.000000,0.416492,0.407599,1,1
serde-json-buffered-reader,cherry_pick,4,1,10,10,1.000000,5.000000,5.000000,0.393635,0.576897,1,1
serde-json-buffered-reader,cherry_pick,4,2,10,10,1.000000,5.000000,5.000000,0.463715,0.633623,1,1
serde-json-buffered-reader,cherry_pick,8,0,10,10,1.000000,9.000000,9.000000,0.628960,0.912153,1,1
serde-json-buffered-reader,cherry_pick,8,1,10,10,1.000000,9.000000,9.000000,0.697294,0.712075,1,1
serde-json-buffered-reader,cherry_pick,8,2,10,10,1.000000,9.000000,9.000000,0.686411,0.602262,1,1
serde-json-buffered-reader,cherry_pick,16,0,10,10,1.000000,17.000000,17.000000,1.053946,1.107315,1,1
serde-json-buffered-reader,cherry_pick,16,1,10,10,1.000000,17.000000,17.000000,1.091376,1.138001,1,1
serde-json-buffered-reader,cherry_pick,16,2,10,10,1.000000,17.000000,17.000000,1.132143,1.082223,1,1
serde-json-buffered-reader,fork,0,0,10,10,1.000000,1.000000,1.000000,0.198882,0.213746,0,0
serde-json-buffered-reader,fork,0,1,10,10,1.000000,1.000000,1.000000,0.183144,0.172486,0,0
serde-json-buffered-reader,fork,0,2,10,10,1.000000,1.000000,1.000000,0.199070,0.177967,0,0
serde-json-buffered-reader,fork,1,0,10,10,1.000000,2.000000,2.000000,0.264690,0.249812,1,1
serde-json-buffered-reader,fork,1,1,10,10,1.000000,2.000000,2.000000,0.253158,0.247840,1,1
serde-json-buffered-reader,fork,1,2,10,10,1.000000,2.000000,2.000000,0.271329,0.249345,1,1
serde-json-buffered-reader,fork,2,0,10,10,1.000000,3.000000,3.000000,0.315186,0.312373,1,2
serde-json-buffered-reader,fork,2,1,10,10,1.000000,3.000000,3.000000,0.292061,0.309205,1,2
serde-json-buffered-reader,fork,2,2,10,10,1.000000,3.000000,3.000000,0.285845,0.305371,1,2
serde-json-buffered-reader,fork,4,0,10,10,1.000000,5.000000,5.000000,0.322929,0.555785,1,4
serde-json-buffered-reader,fork,4,1,10,10,1.000000,5.000000,5.000000,0.373105,0.374192,1,4
serde-json-buffered-reader,fork,4,2,10,10,1.000000,5.000000,5.000000,0.491932,0.410706,1,4
serde-json-buffered-reader,fork,8,0,10,10,1.000000,9.000000,9.000000,0.443973,0.618220,1,8
serde-json-buffered-reader,fork,8,1,10,10,1.000000,9.000000,9.000000,0.729325,0.531991,1,8
serde-json-buffered-reader,fork,8,2,10,10,1.000000,9.000000,9.000000,0.459020,0.524152,1,8
serde-json-buffered-reader,fork,16,0,10,10,1.000000,17.000000,17.000000,0.667048,0.676934,1,16
serde-json-buffered-reader,fork,16,1,10,10,1.000000,17.000000,17.000000,0.670123,0.650913,1,16
serde-json-buffered-reader,fork,16,2,10,10,1.000000,17.000000,17.000000,0.655044,0.694740,1,16
serde-json-buffered-reader,squash,0,0,10,10,1.000000,1.000000,1.000000,0.232616,0.193814,0,0
serde-json-buffered-reader,squash,0,1,10,10,1.000000,1.000000,1.000000,0.194541,0.186446,0,0
serde-json-buffered-reader,squash,0,2,10,10,1.000000,1.000000,1.000000,0.192119,0.187328,0,0
serde-json-buffered-reader,squash,1,0,10,10,1.000000,1.500000,2.000000,0.268233,0.293237,2,1
serde-json-buffered-reader,squash,1,1,10,10,1.000000,1.500000,2.000000,0.279954,0.401589,2,1
serde-json-buffered-reader,squash,1,2,10,10,1.000000,1.500000,2.000000,0.267880,0.291356,2,1
serde-json-buffered-reader,squash,2,0,10,10,1.000000,2.000000,3.000000,0.336743,0.357054,2,1
serde-json-buffered-reader,squash,2,1,10,10,1.000000,2.000000,3.000000,0.322175,0.345663,2,1
serde-json-buffered-reader,squash,2,2,10,10,1.000000,2.000000,3.000000,0.321828,0.382077,2,1
serde-json-buffered-reader,squash,4,0,10,10,1.000000,3.000000,5.000000,0.426698,0.454958,2,1
serde-json-buffered-reader,squash,4,1,10,10,1.000000,3.000000,5.000000,0.476148,0.424190,2,1
serde-json-buffered-reader,squash,4,2,10,10,1.000000,3.000000,5.000000,0.424166,0.454938,2,1
serde-json-buffered-reader,squash,8,0,10,10,1.000000,5.000000,9.000000,0.663894,0.652592,2,1
serde-json-buffered-reader,squash,8,1,10,10,1.000000,5.000000,9.000000,0.652532,0.634784,2,1
serde-json-buffered-reader,squash,8,2,10,10,1.000000,5.000000,9.000000,0.657025,0.618904,2,1
serde-json-buffered-reader,squash,16,0,10,10,1.000000,9.000000,17.000000,1.098345,1.088495,2,1
serde-json-buffered-reader,squash,16,1,10,10,1.000000,9.000000,17.000000,1.318699,1.213988,2,1
serde-json-buffered-reader,squash,16,2,10,10,1.000000,9.000000,17.000000,1.218285,1.316339,2,1
serde-json-buffered-reader,revert,0,0,10,10,1.000000,1.000000,1.000000,0.201928,0.181367,0,0
serde-json-buffered-reader,revert,0,1,10,10,1.000000,1.000000,1.000000,0.209377,0.175012,0,0
serde-json-buffered-reader,revert,0,2,10,10,1.000000,1.000000,1.000000,0.183993,0.173561,0,0
serde-json-buffered-reader,revert,1,0,10,10,1.000000,2.000000,2.000000,0.263467,0.247930,1,1
serde-json-buffered-reader,revert,1,1,10,10,1.000000,2.000000,2.000000,0.315055,0.248965,1,1
serde-json-buffered-reader,revert,1,2,10,10,1.000000,2.000000,2.000000,0.268018,0.320827,1,1
serde-json-buffered-reader,revert,2,0,10,10,1.000000,3.000000,3.000000,0.307269,0.346149,1,1
serde-json-buffered-reader,revert,2,1,10,10,1.000000,3.000000,3.000000,0.301224,0.334944,1,1
serde-json-buffered-reader,revert,2,2,10,10,1.000000,3.000000,3.000000,0.305544,0.351357,1,1
serde-json-buffered-reader,revert,4,0,10,10,1.000000,5.000000,5.000000,0.441359,0.410456,1,1
serde-json-buffered-reader,revert,4,1,10,10,1.000000,5.000000,5.000000,0.427243,0.481697,1,1
serde-json-buffered-reader,revert,4,2,10,10,1.000000,5.000000,5.000000,0.427222,0.473687,1,1
serde-json-buffered-reader,revert,8,0,10,10,1.000000,9.000000,9.000000,0.670170,0.613931,1,1
serde-json-buffered-reader,revert,8,1,10,10,1.000000,9.000000,9.000000,0.719734,0.629169,1,1
serde-json-buffered-reader,revert,8,2,10,10,1.000000,9.000000,9.000000,0.650163,0.630172,1,1
serde-json-buffered-reader,revert,16,0,10,10,1.000000,17.000000,17.000000,1.059712,1.050524,1,1
serde-json-buffered-reader,revert,16,1,10,10,1.000000,17.000000,17.000000,1.189233,1.089866,1,1
serde-json-buffered-reader,revert,16,2,10,10,1.000000,17.000000,17.000000,1.059328,1.077232,1,1
ripgrep-json-statistics,rebase,0,0,9,9,1.000000,1.000000,1.000000,0.296756,0.257418,0,0
ripgrep-json-statistics,rebase,0,1,9,9,1.000000,1.000000,1.000000,0.255428,0.282600,0,0
ripgrep-json-statistics,rebase,0,2,9,9,1.000000,1.000000,1.000000,0.244459,0.233631,0,0
ripgrep-json-statistics,rebase,1,0,9,9,1.000000,2.000000,2.000000,0.326377,0.323761,1,1
ripgrep-json-statistics,rebase,1,1,9,9,1.000000,2.000000,2.000000,0.342987,0.476927,1,1
ripgrep-json-statistics,rebase,1,2,9,9,1.000000,2.000000,2.000000,0.402017,0.380999,1,1
ripgrep-json-statistics,rebase,2,0,9,9,1.000000,3.000000,3.000000,0.646745,0.389401,1,1
ripgrep-json-statistics,rebase,2,1,9,9,1.000000,3.000000,3.000000,0.413637,0.461065,1,1
ripgrep-json-statistics,rebase,2,2,9,9,1.000000,3.000000,3.000000,0.379739,0.392410,1,1
ripgrep-json-statistics,rebase,4,0,9,9,1.000000,5.000000,5.000000,0.521975,0.492780,1,1
ripgrep-json-statistics,rebase,4,1,9,9,1.000000,5.000000,5.000000,0.497644,0.512503,1,1
ripgrep-json-statistics,rebase,4,2,9,9,1.000000,5.000000,5.000000,0.530544,0.477885,1,1
ripgrep-json-statistics,rebase,8,0,9,9,1.000000,9.000000,9.000000,0.743596,0.719212,1,1
ripgrep-json-statistics,rebase,8,1,9,9,1.000000,9.000000,9.000000,0.718792,0.701920,1,1
ripgrep-json-statistics,rebase,8,2,9,9,1.000000,9.000000,9.000000,0.769732,0.729000,1,1
ripgrep-json-statistics,rebase,16,0,9,9,1.000000,17.000000,17.000000,1.215254,1.197373,1,1
ripgrep-json-statistics,rebase,16,1,9,9,1.000000,17.000000,17.000000,1.196483,1.147421,1,1
ripgrep-json-statistics,rebase,16,2,9,9,1.000000,17.000000,17.000000,1.177899,1.386514,1,1
ripgrep-json-statistics,cherry_pick,0,0,9,9,1.000000,1.000000,1.000000,0.266459,0.244231,0,0
ripgrep-json-statistics,cherry_pick,0,1,9,9,1.000000,1.000000,1.000000,0.280588,0.237800,0,0
ripgrep-json-statistics,cherry_pick,0,2,9,9,1.000000,1.000000,1.000000,0.243879,0.257748,0,0
ripgrep-json-statistics,cherry_pick,1,0,9,9,1.000000,2.000000,2.000000,0.320838,0.330986,1,1
ripgrep-json-statistics,cherry_pick,1,1,9,9,1.000000,2.000000,2.000000,0.437966,0.321182,1,1
ripgrep-json-statistics,cherry_pick,1,2,9,9,1.000000,2.000000,2.000000,0.335196,0.305861,1,1
ripgrep-json-statistics,cherry_pick,2,0,9,9,1.000000,3.000000,3.000000,0.405930,0.389629,1,1
ripgrep-json-statistics,cherry_pick,2,1,9,9,1.000000,3.000000,3.000000,0.438102,0.373737,1,1
ripgrep-json-statistics,cherry_pick,2,2,9,9,1.000000,3.000000,3.000000,0.380014,0.368460,1,1
ripgrep-json-statistics,cherry_pick,4,0,9,9,1.000000,5.000000,5.000000,0.488180,0.496450,1,1
ripgrep-json-statistics,cherry_pick,4,1,9,9,1.000000,5.000000,5.000000,0.542256,0.561014,1,1
ripgrep-json-statistics,cherry_pick,4,2,9,9,1.000000,5.000000,5.000000,0.512031,0.482512,1,1
ripgrep-json-statistics,cherry_pick,8,0,9,9,1.000000,9.000000,9.000000,0.715632,0.758384,1,1
ripgrep-json-statistics,cherry_pick,8,1,9,9,1.000000,9.000000,9.000000,0.758881,0.723131,1,1
ripgrep-json-statistics,cherry_pick,8,2,9,9,1.000000,9.000000,9.000000,0.756388,0.703176,1,1
ripgrep-json-statistics,cherry_pick,16,0,9,9,1.000000,17.000000,17.000000,1.187862,1.216391,1,1
ripgrep-json-statistics,cherry_pick,16,1,9,9,1.000000,17.000000,17.000000,1.204994,1.230892,1,1
ripgrep-json-statistics,cherry_pick,16,2,9,9,1.000000,17.000000,17.000000,1.169570,1.148519,1,1
ripgrep-json-statistics,fork,0,0,9,9,1.000000,1.000000,1.000000,0.309425,0.239335,0,0
ripgrep-json-statistics,fork,0,1,9,9,1.000000,1.000000,1.000000,0.275586,0.235503,0,0
ripgrep-json-statistics,fork,0,2,9,9,1.000000,1.000000,1.000000,0.243948,0.260322,0,0
ripgrep-json-statistics,fork,1,0,9,9,1.000000,2.000000,2.000000,0.338828,0.395988,1,1
ripgrep-json-statistics,fork,1,1,9,9,1.000000,2.000000,2.000000,0.326684,0.340622,1,1
ripgrep-json-statistics,fork,1,2,9,9,1.000000,2.000000,2.000000,0.345428,0.306324,1,1
ripgrep-json-statistics,fork,2,0,9,9,1.000000,3.000000,3.000000,0.383817,0.346731,1,2
ripgrep-json-statistics,fork,2,1,9,9,1.000000,3.000000,3.000000,0.410412,0.451310,1,2
ripgrep-json-statistics,fork,2,2,9,9,1.000000,3.000000,3.000000,0.372097,0.374685,1,2
ripgrep-json-statistics,fork,4,0,9,9,1.000000,5.000000,5.000000,0.403594,0.430347,1,4
ripgrep-json-statistics,fork,4,1,9,9,1.000000,5.000000,5.000000,0.433716,0.428338,1,4
ripgrep-json-statistics,fork,4,2,9,9,1.000000,5.000000,5.000000,0.515134,0.409705,1,4
ripgrep-json-statistics,fork,8,0,9,9,1.000000,9.000000,9.000000,0.533779,0.565371,1,8
ripgrep-json-statistics,fork,8,1,9,9,1.000000,9.000000,9.000000,0.585011,0.545602,1,8
ripgrep-json-statistics,fork,8,2,9,9,1.000000,9.000000,9.000000,0.560665,0.518936,1,8
ripgrep-json-statistics,fork,16,0,9,9,1.000000,17.000000,17.000000,0.784035,0.779706,1,16
ripgrep-json-statistics,fork,16,1,9,9,1.000000,17.000000,17.000000,0.781918,0.760900,1,16
ripgrep-json-statistics,fork,16,2,9,9,1.000000,17.000000,17.000000,0.796894,0.767572,1,16
ripgrep-json-statistics,squash,0,0,9,9,1.000000,1.000000,1.000000,0.274559,0.258436,0,0
ripgrep-json-statistics,squash,0,1,9,9,1.000000,1.000000,1.000000,0.267708,0.256598,0,0
ripgrep-json-statistics,squash,0,2,9,9,1.000000,1.000000,1.000000,0.344707,0.257345,0,0
ripgrep-json-statistics,squash,1,0,9,9,1.000000,1.500000,2.000000,0.366234,0.345407,2,1
ripgrep-json-statistics,squash,1,1,9,9,1.000000,1.500000,2.000000,0.370745,0.334871,2,1
ripgrep-json-statistics,squash,1,2,9,9,1.000000,1.500000,2.000000,0.343079,0.342250,2,1
ripgrep-json-statistics,squash,2,0,9,9,1.000000,2.000000,3.000000,0.451488,0.390849,2,1
ripgrep-json-statistics,squash,2,1,9,9,1.000000,2.000000,3.000000,0.398701,0.435674,2,1
ripgrep-json-statistics,squash,2,2,9,9,1.000000,2.000000,3.000000,0.416547,0.390108,2,1
ripgrep-json-statistics,squash,4,0,9,9,1.000000,3.000000,5.000000,0.689980,0.533364,2,1
ripgrep-json-statistics,squash,4,1,9,9,1.000000,3.000000,5.000000,0.541288,0.524350,2,1
ripgrep-json-statistics,squash,4,2,9,9,1.000000,3.000000,5.000000,0.513884,0.565792,2,1
ripgrep-json-statistics,squash,8,0,9,9,1.000000,5.000000,9.000000,0.998000,0.771143,2,1
ripgrep-json-statistics,squash,8,1,9,9,1.000000,5.000000,9.000000,0.884664,0.854461,2,1
ripgrep-json-statistics,squash,8,2,9,9,1.000000,5.000000,9.000000,0.758417,0.746708,2,1
ripgrep-json-statistics,squash,16,0,9,9,1.000000,9.000000,17.000000,1.225119,1.194809,2,1
ripgrep-json-statistics,squash,16,1,9,9,1.000000,9.000000,17.000000,1.220277,1.201246,2,1
ripgrep-json-statistics,squash,16,2,9,9,1.000000,9.000000,17.000000,1.274690,1.261996,2,1
ripgrep-json-statistics,revert,0,0,9,9,1.000000,1.000000,1.000000,0.287784,0.274753,0,0
ripgrep-json-statistics,revert,0,1,9,9,1.000000,1.000000,1.000000,0.248089,0.261696,0,0
ripgrep-json-statistics,revert,0,2,9,9,1.000000,1.000000,1.000000,0.242382,0.230792,0,0
ripgrep-json-statistics,revert,1,0,9,9,1.000000,2.000000,2.000000,0.332329,0.315529,1,1
ripgrep-json-statistics,revert,1,1,9,9,1.000000,2.000000,2.000000,0.325225,0.308991,1,1
ripgrep-json-statistics,revert,1,2,9,9,1.000000,2.000000,2.000000,0.340532,0.305929,1,1
ripgrep-json-statistics,revert,2,0,9,9,1.000000,3.000000,3.000000,1.214193,0.388548,1,1
ripgrep-json-statistics,revert,2,1,9,9,1.000000,3.000000,3.000000,0.576542,0.464654,1,1
ripgrep-json-statistics,revert,2,2,9,9,1.000000,3.000000,3.000000,0.510017,0.527983,1,1
ripgrep-json-statistics,revert,4,0,9,9,1.000000,5.000000,5.000000,0.515918,0.523641,1,1
ripgrep-json-statistics,revert,4,1,9,9,1.000000,5.000000,5.000000,0.544140,0.663624,1,1
ripgrep-json-statistics,revert,4,2,9,9,1.000000,5.000000,5.000000,0.494915,0.565909,1,1
ripgrep-json-statistics,revert,8,0,9,9,1.000000,9.000000,9.000000,0.742747,0.788892,1,1
ripgrep-json-statistics,revert,8,1,9,9,1.000000,9.000000,9.000000,0.735006,0.733286,1,1
ripgrep-json-statistics,revert,8,2,9,9,1.000000,9.000000,9.000000,0.778497,0.723391,1,1
ripgrep-json-statistics,revert,16,0,9,9,1.000000,17.000000,17.000000,1.236519,1.208823,1,1
ripgrep-json-statistics,revert,16,1,9,9,1.000000,17.000000,17.000000,1.209953,1.161298,1,1
ripgrep-json-statistics,revert,16,2,9,9,1.000000,17.000000,17.000000,1.223099,1.168086,1,1
