phase,node,rounds,facts,ordinary_determined,ordinary_mass,sealed_final,sealed_mass,closure_complete,violation_count
late-fact-missing,n0,1,9,True,10,False,10,False,1
late-fact-missing,n1,1,9,True,10,False,10,False,1
late-fact-missing,n2,1,9,True,10,False,10,False,1
late-fact-missing,n3,1,9,True,10,False,10,False,1
late-fact-missing,n4,1,9,True,10,False,10,False,1
late-fact-arrived,n0,1,10,True,15,True,15,True,0
late-fact-arrived,n1,1,10,True,15,True,15,True,0
late-fact-arrived,n2,1,10,True,15,True,15,True,0
late-fact-arrived,n3,1,10,True,15,True,15,True,0
late-fact-arrived,n4,1,10,True,15,True,15,True,0
durable-restart,n0,0,10,True,15,True,15,True,0
durable-restart,n1,0,10,True,15,True,15,True,0
durable-restart,n2,0,10,True,15,True,15,True,0
durable-restart,n3,0,10,True,15,True,15,True,0
durable-restart,n4,0,10,True,15,True,15,True,0
later-batch-arrived,n0,1,11,True,114,True,15,True,0
later-batch-arrived,n1,1,11,True,114,True,15,True,0
later-batch-arrived,n2,1,11,True,114,True,15,True,0
later-batch-arrived,n3,1,11,True,114,True,15,True,0
later-batch-arrived,n4,1,11,True,114,True,15,True,0
out-of-range-same-batch,n0,1,12,True,121,False,22,False,1
out-of-range-same-batch,n1,1,12,True,121,False,22,False,1
out-of-range-same-batch,n2,1,12,True,121,False,22,False,1
out-of-range-same-batch,n3,1,12,True,121,False,22,False,1
out-of-range-same-batch,n4,1,12,True,121,False,22,False,1
