arrival_mask,arrived_origins,provisional_mass,final,missing_coordinates
0,0,0,False,5
1,1,2,False,4
2,1,3,False,4
3,2,5,False,3
4,1,4,False,4
5,2,6,False,3
6,2,7,False,3
7,3,9,False,2
8,1,5,False,4
9,2,7,False,3
10,2,8,False,3
11,3,10,False,2
12,2,9,False,3
13,3,11,False,2
14,3,12,False,2
15,4,14,False,1
16,1,1,False,4
17,2,3,False,3
18,2,4,False,3
19,3,6,False,2
20,2,5,False,3
21,3,7,False,2
22,3,8,False,2
23,4,10,False,1
24,2,6,False,3
25,3,8,False,2
26,3,9,False,2
27,4,11,False,1
28,3,10,False,2
29,4,12,False,1
30,4,13,False,1
31,5,15,True,0
