fixture,fault_profile,expected_facts,rounds,converged_nodes,determined_nodes,checker_accepted_nodes,gross_mass,pull_attempts,successful_pulls,failed_pulls,stopped_endpoint_attempts,received_fact_occurrences,new_fact_insertions,application_frame_bytes,maximum_frame_bytes,maximum_page_facts,request_drops,response_drops,partial_responses,delayed_responses,logical_restarts,elapsed_ms
mixed,clean,46,3,5,5,5,31,60,60,0,0,870,184,307220,20744,16,0,0,0,0,0,151.614
mixed,finite-network,46,7,5,5,5,31,92,89,3,0,1232,184,329613,6183,16,1,1,1,1,0,183.867
mixed,durable-restart,46,7,5,5,5,31,140,116,24,24,1697,184,427794,12009,16,0,0,0,0,1,209.758
permanent-holes,clean,77,5,5,5,5,77,100,100,0,0,1432,237,258520,1847,16,0,0,0,0,0,210.278
permanent-holes,finite-network,77,6,5,5,5,77,72,69,3,0,999,237,196011,1847,16,1,1,1,1,0,131.252
permanent-holes,durable-restart,77,6,5,5,5,77,120,96,24,24,1479,237,257296,1847,16,0,0,0,0,1,179.599
split-coordinate,clean,2,1,5,0,0,5,20,20,0,0,21,8,14059,752,2,0,0,0,0,0,21.004
split-coordinate,finite-network,2,6,5,0,0,5,72,69,3,0,93,8,36951,752,2,1,1,1,1,0,59.85
split-coordinate,durable-restart,2,6,5,0,0,5,120,96,24,24,179,8,55264,752,2,0,0,0,0,1,83.904
unresolved-effect,clean,46,3,5,0,0,31,60,60,0,0,870,184,314654,21143,16,0,0,0,0,0,160.896
unresolved-effect,finite-network,46,7,5,0,0,31,92,89,3,0,1232,184,333810,6240,16,1,1,1,1,0,174.646
unresolved-effect,durable-restart,46,7,5,0,0,31,140,116,24,24,1697,184,432395,12066,16,0,0,0,0,1,215.982
